BRTH_YR,GNDR,ETHCTY,NAME,CNT
2011,FEMALE,ASIAN AND PACIFIC ISLANDER,ABIGAIL,24
2011,FEMALE,ASIAN AND PACIFIC ISLANDER,ADA,13
2011,FEMALE,ASIAN AND PACIFIC ISLANDER,AISHA,13
2011,FEMALE,ASIAN AND PACIFIC ISLANDER,AIZA,10
2011,FEMALE,ASIAN AND PACIFIC ISLANDER,ALEENA,12
2011,FEMALE,ASIAN AND PACIFIC ISLANDER,ALEXA,10
2011,FEMALE,ASIAN AND PACIFIC ISLANDER,ALEXANDRA,13
2011,FEMALE,ASIAN AND PACIFIC ISLANDER,ALICE,27
2011,FEMALE,ASIAN AND PACIFIC ISLANDER,ALINA,25
2011,FEMALE,ASIAN AND PACIFIC ISLANDER,ALISHA,10
2011,FEMALE,ASIAN AND PACIFIC ISLANDER,ALIYAH,12
2011,FEMALE,ASIAN AND PACIFIC ISLANDER,ALLISON,17
2011,FEMALE,ASIAN AND PACIFIC ISLANDER,ALYSSA,26
2011,FEMALE,ASIAN AND PACIFIC ISLANDER,AMANDA,22
2011,FEMALE,ASIAN AND PACIFIC ISLANDER,AMBER,13
2011,FEMALE,ASIAN AND PACIFIC ISLANDER,AMELIA,14
2011,FEMALE,ASIAN AND PACIFIC ISLANDER,AMY,24
2011,FEMALE,ASIAN AND PACIFIC ISLANDER,ANGEL,22
2011,FEMALE,ASIAN AND PACIFIC ISLANDER,ANGELA,47
2011,FEMALE,ASIAN AND PACIFIC ISLANDER,ANGELINA,26
2011,FEMALE,ASIAN AND PACIFIC ISLANDER,ANGIE,10
2011,FEMALE,ASIAN AND PACIFIC ISLANDER,ANIKA,14
2011,FEMALE,ASIAN AND PACIFIC ISLANDER,ANNA,30
2011,FEMALE,ASIAN AND PACIFIC ISLANDER,ANNABELLE,10
2011,FEMALE,ASIAN AND PACIFIC ISLANDER,ANNIE,20
2011,FEMALE,ASIAN AND PACIFIC ISLANDER,ARIA,12
2011,FEMALE,ASIAN AND PACIFIC ISLANDER,ARIANA,15
2011,FEMALE,ASIAN AND PACIFIC ISLANDER,ARIANNA,11
2011,FEMALE,ASIAN AND PACIFIC ISLANDER,ARYA,12
2011,FEMALE,ASIAN AND PACIFIC ISLANDER,ASHLEY,52
2011,FEMALE,ASIAN AND PACIFIC ISLANDER,AUDREY,19
2011,FEMALE,ASIAN AND PACIFIC ISLANDER,AVA,23
2011,FEMALE,ASIAN AND PACIFIC ISLANDER,AYESHA,17
2011,FEMALE,ASIAN AND PACIFIC ISLANDER,BELLA,16
2011,FEMALE,ASIAN AND PACIFIC ISLANDER,BONNIE,10
2011,FEMALE,ASIAN AND PACIFIC ISLANDER,BRIANNA,13
2011,FEMALE,ASIAN AND PACIFIC ISLANDER,CATHERINE,27
2011,FEMALE,ASIAN AND PACIFIC ISLANDER,CECILIA,12
2011,FEMALE,ASIAN AND PACIFIC ISLANDER,CHARLOTTE,14
2011,FEMALE,ASIAN AND PACIFIC ISLANDER,CHLOE,106
2011,FEMALE,ASIAN AND PACIFIC ISLANDER,CHRISTINA,20
2011,FEMALE,ASIAN AND PACIFIC ISLANDER,CHRISTINE,11
2011,FEMALE,ASIAN AND PACIFIC ISLANDER,CHRISTY,12
2011,FEMALE,ASIAN AND PACIFIC ISLANDER,CINDY,14
2011,FEMALE,ASIAN AND PACIFIC ISLANDER,CLAIRE,27
2011,FEMALE,ASIAN AND PACIFIC ISLANDER,CYNTHIA,14
2011,FEMALE,ASIAN AND PACIFIC ISLANDER,DAISY,11
2011,FEMALE,ASIAN AND PACIFIC ISLANDER,DIYA,12
2011,FEMALE,ASIAN AND PACIFIC ISLANDER,EILEEN,18
2011,FEMALE,ASIAN AND PACIFIC ISLANDER,ELAINE,28
2011,FEMALE,ASIAN AND PACIFIC ISLANDER,ELENA,12
2011,FEMALE,ASIAN AND PACIFIC ISLANDER,ELINA,11
2011,FEMALE,ASIAN AND PACIFIC ISLANDER,ELIZABETH,15
2011,FEMALE,ASIAN AND PACIFIC ISLANDER,ELLA,25
2011,FEMALE,ASIAN AND PACIFIC ISLANDER,EMILY,93
2011,FEMALE,ASIAN AND PACIFIC ISLANDER,EMMA,75
2011,FEMALE,ASIAN AND PACIFIC ISLANDER,ERICA,19
2011,FEMALE,ASIAN AND PACIFIC ISLANDER,ERIKA,12
2011,FEMALE,ASIAN AND PACIFIC ISLANDER,ERIN,13
2011,FEMALE,ASIAN AND PACIFIC ISLANDER,ESHAL,11
2011,FEMALE,ASIAN AND PACIFIC ISLANDER,EVA,22
2011,FEMALE,ASIAN AND PACIFIC ISLANDER,EVELYN,17
2011,FEMALE,ASIAN AND PACIFIC ISLANDER,FATIMA,24
2011,FEMALE,ASIAN AND PACIFIC ISLANDER,FIONA,48
2011,FEMALE,ASIAN AND PACIFIC ISLANDER,GIANNA,13
2011,FEMALE,ASIAN AND PACIFIC ISLANDER,GRACE,33
2011,FEMALE,ASIAN AND PACIFIC ISLANDER,HAILEY,16
2011,FEMALE,ASIAN AND PACIFIC ISLANDER,HANNAH,23
2011,FEMALE,ASIAN AND PACIFIC ISLANDER,HELEN,10
2011,FEMALE,ASIAN AND PACIFIC ISLANDER,IRENE,20
2011,FEMALE,ASIAN AND PACIFIC ISLANDER,IRIS,26
2011,FEMALE,ASIAN AND PACIFIC ISLANDER,ISABEL,12
2011,FEMALE,ASIAN AND PACIFIC ISLANDER,ISABELLA,67
2011,FEMALE,ASIAN AND PACIFIC ISLANDER,ISABELLE,11
2011,FEMALE,ASIAN AND PACIFIC ISLANDER,IVY,35
2011,FEMALE,ASIAN AND PACIFIC ISLANDER,JANICE,14
2011,FEMALE,ASIAN AND PACIFIC ISLANDER,JANNAT,13
2011,FEMALE,ASIAN AND PACIFIC ISLANDER,JASMINE,31
2011,FEMALE,ASIAN AND PACIFIC ISLANDER,JENNIFER,18
2011,FEMALE,ASIAN AND PACIFIC ISLANDER,JENNY,27
2011,FEMALE,ASIAN AND PACIFIC ISLANDER,JESSICA,26
2011,FEMALE,ASIAN AND PACIFIC ISLANDER,JESSIE,18
2011,FEMALE,ASIAN AND PACIFIC ISLANDER,JIA,12
2011,FEMALE,ASIAN AND PACIFIC ISLANDER,JOANNA,38
2011,FEMALE,ASIAN AND PACIFIC ISLANDER,JOCELYN,15
2011,FEMALE,ASIAN AND PACIFIC ISLANDER,JOY,14
2011,FEMALE,ASIAN AND PACIFIC ISLANDER,JOYCE,22
2011,FEMALE,ASIAN AND PACIFIC ISLANDER,JULIA,24
2011,FEMALE,ASIAN AND PACIFIC ISLANDER,KAITLYN,11
2011,FEMALE,ASIAN AND PACIFIC ISLANDER,KAREN,22
2011,FEMALE,ASIAN AND PACIFIC ISLANDER,KATE,10
2011,FEMALE,ASIAN AND PACIFIC ISLANDER,KATELYN,14
2011,FEMALE,ASIAN AND PACIFIC ISLANDER,KATHERINE,21
2011,FEMALE,ASIAN AND PACIFIC ISLANDER,KATIE,18
2011,FEMALE,ASIAN AND PACIFIC ISLANDER,KAYLA,21
2011,FEMALE,ASIAN AND PACIFIC ISLANDER,KAYLEE,20
2011,FEMALE,ASIAN AND PACIFIC ISLANDER,KELLY,22
2011,FEMALE,ASIAN AND PACIFIC ISLANDER,KHLOE,13
2011,FEMALE,ASIAN AND PACIFIC ISLANDER,KYLIE,11
2011,FEMALE,ASIAN AND PACIFIC ISLANDER,LAUREN,13
2011,FEMALE,ASIAN AND PACIFIC ISLANDER,LEAH,16
2011,FEMALE,ASIAN AND PACIFIC ISLANDER,LEELA,10
2011,FEMALE,ASIAN AND PACIFIC ISLANDER,LILLIAN,16
2011,FEMALE,ASIAN AND PACIFIC ISLANDER,LILY,15
2011,FEMALE,ASIAN AND PACIFIC ISLANDER,MADISON,19
2011,FEMALE,ASIAN AND PACIFIC ISLANDER,MAGGIE,10
2011,FEMALE,ASIAN AND PACIFIC ISLANDER,MANDY,12
2011,FEMALE,ASIAN AND PACIFIC ISLANDER,MARYAM,17
2011,FEMALE,ASIAN AND PACIFIC ISLANDER,MAYA,27
2011,FEMALE,ASIAN AND PACIFIC ISLANDER,MEGAN,10
2011,FEMALE,ASIAN AND PACIFIC ISLANDER,MELODY,13
2011,FEMALE,ASIAN AND PACIFIC ISLANDER,MIA,36
2011,FEMALE,ASIAN AND PACIFIC ISLANDER,MICHELLE,42
2011,FEMALE,ASIAN AND PACIFIC ISLANDER,MILA,17
2011,FEMALE,ASIAN AND PACIFIC ISLANDER,MINA,12
2011,FEMALE,ASIAN AND PACIFIC ISLANDER,NATALIE,20
2011,FEMALE,ASIAN AND PACIFIC ISLANDER,NICOLE,33
2011,FEMALE,ASIAN AND PACIFIC ISLANDER,NINA,21
2011,FEMALE,ASIAN AND PACIFIC ISLANDER,OLIVIA,89
2011,FEMALE,ASIAN AND PACIFIC ISLANDER,PHOEBE,18
2011,FEMALE,ASIAN AND PACIFIC ISLANDER,QUEENIE,15
2011,FEMALE,ASIAN AND PACIFIC ISLANDER,RACHEL,18
2011,FEMALE,ASIAN AND PACIFIC ISLANDER,RAINA,11
2011,FEMALE,ASIAN AND PACIFIC ISLANDER,REBECCA,13
2011,FEMALE,ASIAN AND PACIFIC ISLANDER,RENEE,10
2011,FEMALE,ASIAN AND PACIFIC ISLANDER,SABRINA,23
2011,FEMALE,ASIAN AND PACIFIC ISLANDER,SAMANTHA,22
2011,FEMALE,ASIAN AND PACIFIC ISLANDER,SARA,24
2011,FEMALE,ASIAN AND PACIFIC ISLANDER,SARAH,38
2011,FEMALE,ASIAN AND PACIFIC ISLANDER,SELENA,13
2011,FEMALE,ASIAN AND PACIFIC ISLANDER,SELINA,26
2011,FEMALE,ASIAN AND PACIFIC ISLANDER,SERENA,17
2011,FEMALE,ASIAN AND PACIFIC ISLANDER,SHARON,20
2011,FEMALE,ASIAN AND PACIFIC ISLANDER,SHIRLEY,12
2011,FEMALE,ASIAN AND PACIFIC ISLANDER,SOFIA,19
2011,FEMALE,ASIAN AND PACIFIC ISLANDER,SOPHIA,119
2011,FEMALE,ASIAN AND PACIFIC ISLANDER,SOPHIE,25
2011,FEMALE,ASIAN AND PACIFIC ISLANDER,STELLA,11
2011,FEMALE,ASIAN AND PACIFIC ISLANDER,STEPHANIE,22
2011,FEMALE,ASIAN AND PACIFIC ISLANDER,SYEDA,16
2011,FEMALE,ASIAN AND PACIFIC ISLANDER,TANISHA,10
2011,FEMALE,ASIAN AND PACIFIC ISLANDER,TENZIN,26
2011,FEMALE,ASIAN AND PACIFIC ISLANDER,TIFFANY,54
2011,FEMALE,ASIAN AND PACIFIC ISLANDER,TINA,14
2011,FEMALE,ASIAN AND PACIFIC ISLANDER,VANESSA,15
2011,FEMALE,ASIAN AND PACIFIC ISLANDER,VICKY,32
2011,FEMALE,ASIAN AND PACIFIC ISLANDER,VICTORIA,22
2011,FEMALE,ASIAN AND PACIFIC ISLANDER,VIVIAN,44
2011,FEMALE,ASIAN AND PACIFIC ISLANDER,WENDY,16
2011,FEMALE,ASIAN AND PACIFIC ISLANDER,WINNIE,25
2011,FEMALE,ASIAN AND PACIFIC ISLANDER,XIN,18
2011,FEMALE,ASIAN AND PACIFIC ISLANDER,YU,13
2011,FEMALE,ASIAN AND PACIFIC ISLANDER,ZAHRA,19
2011,FEMALE,ASIAN AND PACIFIC ISLANDER,ZAINAB,23
2011,FEMALE,ASIAN AND PACIFIC ISLANDER,ZARA,14
2011,FEMALE,ASIAN AND PACIFIC ISLANDER,ZOE,25
2011,FEMALE,BLACK NON HISPANIC,AALIYAH,69
2011,FEMALE,BLACK NON HISPANIC,ABIGAIL,51
2011,FEMALE,BLACK NON HISPANIC,ADDISON,13
2011,FEMALE,BLACK NON HISPANIC,AICHA,14
2011,FEMALE,BLACK NON HISPANIC,AISHA,10
2011,FEMALE,BLACK NON HISPANIC,AISSATOU,13
2011,FEMALE,BLACK NON HISPANIC,ALANA,18
2011,FEMALE,BLACK NON HISPANIC,ALEXIS,13
2011,FEMALE,BLACK NON HISPANIC,ALICIA,11
2011,FEMALE,BLACK NON HISPANIC,ALIYAH,23
2011,FEMALE,BLACK NON HISPANIC,ALYSSA,35
2011,FEMALE,BLACK NON HISPANIC,AMANDA,17
2011,FEMALE,BLACK NON HISPANIC,AMANI,15
2011,FEMALE,BLACK NON HISPANIC,AMAYA,32
2011,FEMALE,BLACK NON HISPANIC,AMBER,18
2011,FEMALE,BLACK NON HISPANIC,AMELIA,19
2011,FEMALE,BLACK NON HISPANIC,AMINA,14
2011,FEMALE,BLACK NON HISPANIC,AMINATA,25
2011,FEMALE,BLACK NON HISPANIC,AMIRA,15
2011,FEMALE,BLACK NON HISPANIC,AMIRAH,22
2011,FEMALE,BLACK NON HISPANIC,AMIYAH,20
2011,FEMALE,BLACK NON HISPANIC,ANAYA,12
2011,FEMALE,BLACK NON HISPANIC,ANGEL,16
2011,FEMALE,BLACK NON HISPANIC,ANGELINA,11
2011,FEMALE,BLACK NON HISPANIC,ANIYA,19
2011,FEMALE,BLACK NON HISPANIC,ANIYAH,35
2011,FEMALE,BLACK NON HISPANIC,ARIA,13
2011,FEMALE,BLACK NON HISPANIC,ARIANA,13
2011,FEMALE,BLACK NON HISPANIC,ARIANNA,38
2011,FEMALE,BLACK NON HISPANIC,ARIEL,32
2011,FEMALE,BLACK NON HISPANIC,ARIELLE,20
2011,FEMALE,BLACK NON HISPANIC,ASHLEY,16
2011,FEMALE,BLACK NON HISPANIC,AUBREY,16
2011,FEMALE,BLACK NON HISPANIC,AUTUMN,26
2011,FEMALE,BLACK NON HISPANIC,AVA,40
2011,FEMALE,BLACK NON HISPANIC,BRIANNA,38
2011,FEMALE,BLACK NON HISPANIC,BRIELLE,35
2011,FEMALE,BLACK NON HISPANIC,BROOKE,12
2011,FEMALE,BLACK NON HISPANIC,CAMILLE,12
2011,FEMALE,BLACK NON HISPANIC,CHELSEA,37
2011,FEMALE,BLACK NON HISPANIC,CHEYENNE,10
2011,FEMALE,BLACK NON HISPANIC,CHLOE,72
2011,FEMALE,BLACK NON HISPANIC,CHRISTINA,17
2011,FEMALE,BLACK NON HISPANIC,DAKOTA,15
2011,FEMALE,BLACK NON HISPANIC,DANIELLE,20
2011,FEMALE,BLACK NON HISPANIC,DESTINY,35
2011,FEMALE,BLACK NON HISPANIC,DYLAN,11
2011,FEMALE,BLACK NON HISPANIC,EDEN,11
2011,FEMALE,BLACK NON HISPANIC,EGYPT,15
2011,FEMALE,BLACK NON HISPANIC,ELIZABETH,22
2011,FEMALE,BLACK NON HISPANIC,EMILY,30
2011,FEMALE,BLACK NON HISPANIC,EMMA,15
2011,FEMALE,BLACK NON HISPANIC,ERIN,10
2011,FEMALE,BLACK NON HISPANIC,ESSENCE,11
2011,FEMALE,BLACK NON HISPANIC,EVA,11
2011,FEMALE,BLACK NON HISPANIC,FAITH,46
2011,FEMALE,BLACK NON HISPANIC,FANTA,15
2011,FEMALE,BLACK NON HISPANIC,FATIMA,24
2011,FEMALE,BLACK NON HISPANIC,FATOU,12
2011,FEMALE,BLACK NON HISPANIC,FATOUMATA,51
2011,FEMALE,BLACK NON HISPANIC,GABRIELLA,24
2011,FEMALE,BLACK NON HISPANIC,GABRIELLE,55
2011,FEMALE,BLACK NON HISPANIC,GENESIS,15
2011,FEMALE,BLACK NON HISPANIC,GRACE,15
2011,FEMALE,BLACK NON HISPANIC,HAILEY,31
2011,FEMALE,BLACK NON HISPANIC,HANNAH,24
2011,FEMALE,BLACK NON HISPANIC,HARMONY,20
2011,FEMALE,BLACK NON HISPANIC,HAWA,15
2011,FEMALE,BLACK NON HISPANIC,HEAVEN,32
2011,FEMALE,BLACK NON HISPANIC,IMANI,28
2011,FEMALE,BLACK NON HISPANIC,ISABELLA,35
2011,FEMALE,BLACK NON HISPANIC,JADA,52
2011,FEMALE,BLACK NON HISPANIC,JADE,18
2011,FEMALE,BLACK NON HISPANIC,JALIYAH,10
2011,FEMALE,BLACK NON HISPANIC,JANELLE,11
2011,FEMALE,BLACK NON HISPANIC,JANIYA,13
2011,FEMALE,BLACK NON HISPANIC,JANIYAH,12
2011,FEMALE,BLACK NON HISPANIC,JASMINE,32
2011,FEMALE,BLACK NON HISPANIC,JAYDA,16
2011,FEMALE,BLACK NON HISPANIC,JAYLA,38
2011,FEMALE,BLACK NON HISPANIC,JORDYN,16
2011,FEMALE,BLACK NON HISPANIC,JULIA,10
2011,FEMALE,BLACK NON HISPANIC,KAI,10
2011,FEMALE,BLACK NON HISPANIC,KAITLYN,21
2011,FEMALE,BLACK NON HISPANIC,KALIYAH,14
2011,FEMALE,BLACK NON HISPANIC,KAMIYAH,10
2011,FEMALE,BLACK NON HISPANIC,KAYLA,78
2011,FEMALE,BLACK NON HISPANIC,KAYLEE,25
2011,FEMALE,BLACK NON HISPANIC,KELSEY,11
2011,FEMALE,BLACK NON HISPANIC,KENDRA,12
2011,FEMALE,BLACK NON HISPANIC,KENNEDY,13
2011,FEMALE,BLACK NON HISPANIC,KENYA,10
2011,FEMALE,BLACK NON HISPANIC,KHLOE,42
2011,FEMALE,BLACK NON HISPANIC,KIARA,13
2011,FEMALE,BLACK NON HISPANIC,KIMORA,23
2011,FEMALE,BLACK NON HISPANIC,KYLA,12
2011,FEMALE,BLACK NON HISPANIC,KYLIE,19
2011,FEMALE,BLACK NON HISPANIC,LAILA,39
2011,FEMALE,BLACK NON HISPANIC,LAUREN,27
2011,FEMALE,BLACK NON HISPANIC,LAYLA,30
2011,FEMALE,BLACK NON HISPANIC,LEAH,39
2011,FEMALE,BLACK NON HISPANIC,LEILANI,13
2011,FEMALE,BLACK NON HISPANIC,LONDON,92
2011,FEMALE,BLACK NON HISPANIC,LONDYN,25
2011,FEMALE,BLACK NON HISPANIC,LYRIC,13
2011,FEMALE,BLACK NON HISPANIC,MACKENZIE,10
2011,FEMALE,BLACK NON HISPANIC,MADISON,176
2011,FEMALE,BLACK NON HISPANIC,MAKAYLA,67
2011,FEMALE,BLACK NON HISPANIC,MALIA,17
2011,FEMALE,BLACK NON HISPANIC,MALIYAH,14
2011,FEMALE,BLACK NON HISPANIC,MARIAH,21
2011,FEMALE,BLACK NON HISPANIC,MARIAM,32
2011,FEMALE,BLACK NON HISPANIC,MARIAMA,22
2011,FEMALE,BLACK NON HISPANIC,MARYAM,10
2011,FEMALE,BLACK NON HISPANIC,MAYA,25
2011,FEMALE,BLACK NON HISPANIC,MCKENZIE,25
2011,FEMALE,BLACK NON HISPANIC,MELANIE,18
2011,FEMALE,BLACK NON HISPANIC,MIA,36
2011,FEMALE,BLACK NON HISPANIC,MICHELLE,13
2011,FEMALE,BLACK NON HISPANIC,MIKAYLA,21
2011,FEMALE,BLACK NON HISPANIC,MILAN,28
2011,FEMALE,BLACK NON HISPANIC,MORGAN,31
2011,FEMALE,BLACK NON HISPANIC,MYA,32
2011,FEMALE,BLACK NON HISPANIC,NADIA,16
2011,FEMALE,BLACK NON HISPANIC,NAHLA,13
2011,FEMALE,BLACK NON HISPANIC,NANA,10
2011,FEMALE,BLACK NON HISPANIC,NAOMI,34
2011,FEMALE,BLACK NON HISPANIC,NATALIA,12
2011,FEMALE,BLACK NON HISPANIC,NATALIE,11
2011,FEMALE,BLACK NON HISPANIC,NEVAEH,60
2011,FEMALE,BLACK NON HISPANIC,NIA,38
2011,FEMALE,BLACK NON HISPANIC,NYLA,43
2011,FEMALE,BLACK NON HISPANIC,NYLAH,42
2011,FEMALE,BLACK NON HISPANIC,OLIVIA,52
2011,FEMALE,BLACK NON HISPANIC,PAIGE,33
2011,FEMALE,BLACK NON HISPANIC,PARIS,32
2011,FEMALE,BLACK NON HISPANIC,PEYTON,20
2011,FEMALE,BLACK NON HISPANIC,PRINCESS,16
2011,FEMALE,BLACK NON HISPANIC,RACHEL,10
2011,FEMALE,BLACK NON HISPANIC,REBECCA,12
2011,FEMALE,BLACK NON HISPANIC,RILEY,15
2011,FEMALE,BLACK NON HISPANIC,SADE,16
2011,FEMALE,BLACK NON HISPANIC,SAMANTHA,27
2011,FEMALE,BLACK NON HISPANIC,SAMARA,11
2011,FEMALE,BLACK NON HISPANIC,SAMIYA,10
2011,FEMALE,BLACK NON HISPANIC,SAMIYAH,18
2011,FEMALE,BLACK NON HISPANIC,SANAA,26
2011,FEMALE,BLACK NON HISPANIC,SANAI,21
2011,FEMALE,BLACK NON HISPANIC,SANIYA,13
2011,FEMALE,BLACK NON HISPANIC,SANIYAH,13
2011,FEMALE,BLACK NON HISPANIC,SARAH,40
2011,FEMALE,BLACK NON HISPANIC,SARAI,15
2011,FEMALE,BLACK NON HISPANIC,SARIAH,17
2011,FEMALE,BLACK NON HISPANIC,SASHA,14
2011,FEMALE,BLACK NON HISPANIC,SAVANNAH,42
2011,FEMALE,BLACK NON HISPANIC,SERENITY,52
2011,FEMALE,BLACK NON HISPANIC,SHANIA,14
2011,FEMALE,BLACK NON HISPANIC,SHANIYA,11
2011,FEMALE,BLACK NON HISPANIC,SHILOH,15
2011,FEMALE,BLACK NON HISPANIC,SKYE,15
2011,FEMALE,BLACK NON HISPANIC,SKYLA,19
2011,FEMALE,BLACK NON HISPANIC,SKYLAR,20
2011,FEMALE,BLACK NON HISPANIC,SOPHIA,30
2011,FEMALE,BLACK NON HISPANIC,SORAYA,10
2011,FEMALE,BLACK NON HISPANIC,SUMMER,15
2011,FEMALE,BLACK NON HISPANIC,SYDNEY,24
2011,FEMALE,BLACK NON HISPANIC,SYMPHONY,13
2011,FEMALE,BLACK NON HISPANIC,TABITHA,10
2011,FEMALE,BLACK NON HISPANIC,TAMIA,17
2011,FEMALE,BLACK NON HISPANIC,TARAJI,12
2011,FEMALE,BLACK NON HISPANIC,TAYLOR,53
2011,FEMALE,BLACK NON HISPANIC,TIANA,19
2011,FEMALE,BLACK NON HISPANIC,TIANNA,13
2011,FEMALE,BLACK NON HISPANIC,TORI,16
2011,FEMALE,BLACK NON HISPANIC,TRINITY,28
2011,FEMALE,BLACK NON HISPANIC,VICTORIA,36
2011,FEMALE,BLACK NON HISPANIC,ZAHARA,10
2011,FEMALE,BLACK NON HISPANIC,ZANIYAH,10
2011,FEMALE,BLACK NON HISPANIC,ZARA,11
2011,FEMALE,BLACK NON HISPANIC,ZARIA,13
2011,FEMALE,BLACK NON HISPANIC,ZARIAH,14
2011,FEMALE,BLACK NON HISPANIC,ZOE,43
2011,FEMALE,BLACK NON HISPANIC,ZOEY,29
2011,FEMALE,BLACK NON HISPANIC,ZURI,10
2011,FEMALE,HISPANIC,AALIYAH,63
2011,FEMALE,HISPANIC,ABBY,10
2011,FEMALE,HISPANIC,ABIGAIL,80
2011,FEMALE,HISPANIC,ADRIANA,65
2011,FEMALE,HISPANIC,ADRIANNA,26
2011,FEMALE,HISPANIC,AILEEN,21
2011,FEMALE,HISPANIC,AIMEE,12
2011,FEMALE,HISPANIC,AISHA,13
2011,FEMALE,HISPANIC,ALANA,11
2011,FEMALE,HISPANIC,ALEJANDRA,16
2011,FEMALE,HISPANIC,ALESSANDRA,13
2011,FEMALE,HISPANIC,ALEXA,55
2011,FEMALE,HISPANIC,ALEXANDRA,47
2011,FEMALE,HISPANIC,ALICE,16
2011,FEMALE,HISPANIC,ALICIA,24
2011,FEMALE,HISPANIC,ALISON,32
2011,FEMALE,HISPANIC,ALISSON,15
2011,FEMALE,HISPANIC,ALIYAH,22
2011,FEMALE,HISPANIC,ALLISON,90
2011,FEMALE,HISPANIC,ALLYSON,19
2011,FEMALE,HISPANIC,ALONDRA,16
2011,FEMALE,HISPANIC,ALYSON,11
2011,FEMALE,HISPANIC,ALYSSA,63
2011,FEMALE,HISPANIC,AMANDA,30
2011,FEMALE,HISPANIC,AMAYA,31
2011,FEMALE,HISPANIC,AMBER,25
2011,FEMALE,HISPANIC,AMELIA,33
2011,FEMALE,HISPANIC,AMY,87
2011,FEMALE,HISPANIC,ANA,33
2011,FEMALE,HISPANIC,ANALIA,17
2011,FEMALE,HISPANIC,ANAYA,11
2011,FEMALE,HISPANIC,ANDREA,61
2011,FEMALE,HISPANIC,ANGELA,20
2011,FEMALE,HISPANIC,ANGELICA,40
2011,FEMALE,HISPANIC,ANGELINA,72
2011,FEMALE,HISPANIC,ANGELIQUE,30
2011,FEMALE,HISPANIC,ANGELY,11
2011,FEMALE,HISPANIC,ANGIE,19
2011,FEMALE,HISPANIC,ANIYAH,14
2011,FEMALE,HISPANIC,ANNA,13
2011,FEMALE,HISPANIC,ANNABELLE,13
2011,FEMALE,HISPANIC,APRIL,13
2011,FEMALE,HISPANIC,ARELY,12
2011,FEMALE,HISPANIC,ARIANA,61
2011,FEMALE,HISPANIC,ARIANNA,77
2011,FEMALE,HISPANIC,ARIANNY,10
2011,FEMALE,HISPANIC,ARIEL,17
2011,FEMALE,HISPANIC,ARIELLA,14
2011,FEMALE,HISPANIC,ASHLEY,190
2011,FEMALE,HISPANIC,ASHLY,13
2011,FEMALE,HISPANIC,ATHENA,12
2011,FEMALE,HISPANIC,AUBREY,25
2011,FEMALE,HISPANIC,AURORA,16
2011,FEMALE,HISPANIC,AVA,54
2011,FEMALE,HISPANIC,AYLEEN,14
2011,FEMALE,HISPANIC,AYLIN,16
2011,FEMALE,HISPANIC,BELLA,67
2011,FEMALE,HISPANIC,BIANCA,24
2011,FEMALE,HISPANIC,BRENDA,17
2011,FEMALE,HISPANIC,BRIANA,32
2011,FEMALE,HISPANIC,BRIANNA,114
2011,FEMALE,HISPANIC,BRIANNY,10
2011,FEMALE,HISPANIC,BRIELLE,11
2011,FEMALE,HISPANIC,BRITNEY,12
2011,FEMALE,HISPANIC,BRITTANY,22
2011,FEMALE,HISPANIC,BRYANNA,16
2011,FEMALE,HISPANIC,CAMILA,188
2011,FEMALE,HISPANIC,CARMEN,12
2011,FEMALE,HISPANIC,CAROLINA,11
2011,FEMALE,HISPANIC,CAROLINE,12
2011,FEMALE,HISPANIC,CASSANDRA,10
2011,FEMALE,HISPANIC,CELESTE,11
2011,FEMALE,HISPANIC,CHARLOTTE,11
2011,FEMALE,HISPANIC,CHELSEA,43
2011,FEMALE,HISPANIC,CHLOE,60
2011,FEMALE,HISPANIC,CHRISTINA,11
2011,FEMALE,HISPANIC,CINDY,13
2011,FEMALE,HISPANIC,CLARA,11
2011,FEMALE,HISPANIC,CRISTINA,10
2011,FEMALE,HISPANIC,CRYSTAL,26
2011,FEMALE,HISPANIC,CYNTHIA,10
2011,FEMALE,HISPANIC,DAISY,30
2011,FEMALE,HISPANIC,DAMARIS,11
2011,FEMALE,HISPANIC,DANA,18
2011,FEMALE,HISPANIC,DANIELA,64
2011,FEMALE,HISPANIC,DANIELLA,28
2011,FEMALE,HISPANIC,DANIELLE,12
2011,FEMALE,HISPANIC,DANNA,39
2011,FEMALE,HISPANIC,DAYANA,22
2011,FEMALE,HISPANIC,DELILAH,29
2011,FEMALE,HISPANIC,DENISE,16
2011,FEMALE,HISPANIC,DESTINY,34
2011,FEMALE,HISPANIC,DIANA,51
2011,FEMALE,HISPANIC,DULCE,20
2011,FEMALE,HISPANIC,EILEEN,14
2011,FEMALE,HISPANIC,ELENA,16
2011,FEMALE,HISPANIC,ELIANA,34
2011,FEMALE,HISPANIC,ELIANNA,11
2011,FEMALE,HISPANIC,ELIANNY,12
2011,FEMALE,HISPANIC,ELISA,17
2011,FEMALE,HISPANIC,ELIZABETH,63
2011,FEMALE,HISPANIC,ELLA,32
2011,FEMALE,HISPANIC,EMELY,50
2011,FEMALE,HISPANIC,EMILY,162
2011,FEMALE,HISPANIC,EMMA,114
2011,FEMALE,HISPANIC,ERIKA,15
2011,FEMALE,HISPANIC,ESMERALDA,27
2011,FEMALE,HISPANIC,ESTHER,14
2011,FEMALE,HISPANIC,ESTRELLA,15
2011,FEMALE,HISPANIC,EVA,47
2011,FEMALE,HISPANIC,EVELYN,63
2011,FEMALE,HISPANIC,FAITH,25
2011,FEMALE,HISPANIC,FATIMA,12
2011,FEMALE,HISPANIC,FERNANDA,14
2011,FEMALE,HISPANIC,GABRIELA,78
2011,FEMALE,HISPANIC,GABRIELLA,86
2011,FEMALE,HISPANIC,GABRIELLE,14
2011,FEMALE,HISPANIC,GENESIS,94
2011,FEMALE,HISPANIC,GERALDINE,13
2011,FEMALE,HISPANIC,GIA,21
2011,FEMALE,HISPANIC,GIANNA,49
2011,FEMALE,HISPANIC,GISELLE,38
2011,FEMALE,HISPANIC,GRACE,36
2011,FEMALE,HISPANIC,GUADALUPE,26
2011,FEMALE,HISPANIC,HAILEY,126
2011,FEMALE,HISPANIC,HALEY,14
2011,FEMALE,HISPANIC,HANNAH,17
2011,FEMALE,HISPANIC,HAYLEE,17
2011,FEMALE,HISPANIC,HAYLEY,13
2011,FEMALE,HISPANIC,HAZEL,10
2011,FEMALE,HISPANIC,HEAVEN,15
2011,FEMALE,HISPANIC,HEIDI,15
2011,FEMALE,HISPANIC,HEIDY,16
2011,FEMALE,HISPANIC,HELEN,13
2011,FEMALE,HISPANIC,IMANI,11
2011,FEMALE,HISPANIC,INGRID,11
2011,FEMALE,HISPANIC,IRENE,11
2011,FEMALE,HISPANIC,IRIS,10
2011,FEMALE,HISPANIC,ISABEL,28
2011,FEMALE,HISPANIC,ISABELA,10
2011,FEMALE,HISPANIC,ISABELLA,331
2011,FEMALE,HISPANIC,ISABELLE,18
2011,FEMALE,HISPANIC,ISIS,13
2011,FEMALE,HISPANIC,ITZEL,27
2011,FEMALE,HISPANIC,IZABELLA,23
2011,FEMALE,HISPANIC,JACQUELINE,30
2011,FEMALE,HISPANIC,JADA,21
2011,FEMALE,HISPANIC,JADE,50
2011,FEMALE,HISPANIC,JAELYNN,11
2011,FEMALE,HISPANIC,JAMIE,11
2011,FEMALE,HISPANIC,JANELLE,12
2011,FEMALE,HISPANIC,JASLENE,11
2011,FEMALE,HISPANIC,JASMIN,20
2011,FEMALE,HISPANIC,JASMINE,41
2011,FEMALE,HISPANIC,JAYDA,10
2011,FEMALE,HISPANIC,JAYLA,33
2011,FEMALE,HISPANIC,JAYLAH,12
2011,FEMALE,HISPANIC,JAYLEEN,51
2011,FEMALE,HISPANIC,JAYLENE,22
2011,FEMALE,HISPANIC,JAYLIN,13
2011,FEMALE,HISPANIC,JAYLYN,10
2011,FEMALE,HISPANIC,JAZLYN,16
2011,FEMALE,HISPANIC,JAZMIN,24
2011,FEMALE,HISPANIC,JAZMINE,14
2011,FEMALE,HISPANIC,JENNIFER,59
2011,FEMALE,HISPANIC,JESSICA,46
2011,FEMALE,HISPANIC,JIMENA,11
2011,FEMALE,HISPANIC,JOCELYN,46
2011,FEMALE,HISPANIC,JOHANNA,12
2011,FEMALE,HISPANIC,JOSELYN,30
2011,FEMALE,HISPANIC,JULIA,22
2011,FEMALE,HISPANIC,JULIANA,16
2011,FEMALE,HISPANIC,JULIANNA,21
2011,FEMALE,HISPANIC,JULIET,20
2011,FEMALE,HISPANIC,JULIETTE,15
2011,FEMALE,HISPANIC,JULISSA,16
2011,FEMALE,HISPANIC,KAELYN,11
2011,FEMALE,HISPANIC,KAILEY,20
2011,FEMALE,HISPANIC,KAILYN,11
2011,FEMALE,HISPANIC,KAITLYN,31
2011,FEMALE,HISPANIC,KAMILA,36
2011,FEMALE,HISPANIC,KAREN,41
2011,FEMALE,HISPANIC,KARLA,25
2011,FEMALE,HISPANIC,KATE,27
2011,FEMALE,HISPANIC,KATELYN,23
2011,FEMALE,HISPANIC,KATELYNN,10
2011,FEMALE,HISPANIC,KATHERINE,60
2011,FEMALE,HISPANIC,KATIE,12
2011,FEMALE,HISPANIC,KAYLA,62
2011,FEMALE,HISPANIC,KAYLEE,83
2011,FEMALE,HISPANIC,KAYLEEN,19
2011,FEMALE,HISPANIC,KAYLEIGH,10
2011,FEMALE,HISPANIC,KAYLIE,15
2011,FEMALE,HISPANIC,KAYLIN,12
2011,FEMALE,HISPANIC,KEILY,17
2011,FEMALE,HISPANIC,KELLY,41
2011,FEMALE,HISPANIC,KEYLA,12
2011,FEMALE,HISPANIC,KHLOE,57
2011,FEMALE,HISPANIC,KIARA,36
2011,FEMALE,HISPANIC,KIMBERLY,103
2011,FEMALE,HISPANIC,KRYSTAL,13
2011,FEMALE,HISPANIC,KYLEE,10
2011,FEMALE,HISPANIC,KYLIE,37
2011,FEMALE,HISPANIC,LAILA,29
2011,FEMALE,HISPANIC,LAURA,14
2011,FEMALE,HISPANIC,LAUREN,21
2011,FEMALE,HISPANIC,LAYLA,52
2011,FEMALE,HISPANIC,LEA,10
2011,FEMALE,HISPANIC,LEAH,123
2011,FEMALE,HISPANIC,LEILA,20
2011,FEMALE,HISPANIC,LEILANI,33
2011,FEMALE,HISPANIC,LESLEY,12
2011,FEMALE,HISPANIC,LESLIE,66
2011,FEMALE,HISPANIC,LESLY,16
2011,FEMALE,HISPANIC,LEYLA,10
2011,FEMALE,HISPANIC,LIA,26
2011,FEMALE,HISPANIC,LIANA,18
2011,FEMALE,HISPANIC,LILIANA,28
2011,FEMALE,HISPANIC,LILY,21
2011,FEMALE,HISPANIC,LINDSAY,12
2011,FEMALE,HISPANIC,LIZBETH,30
2011,FEMALE,HISPANIC,LONDON,27
2011,FEMALE,HISPANIC,LUCIA,20
2011,FEMALE,HISPANIC,LUNA,24
2011,FEMALE,HISPANIC,LUZ,25
2011,FEMALE,HISPANIC,MADELINE,15
2011,FEMALE,HISPANIC,MADELYN,16
2011,FEMALE,HISPANIC,MADISON,122
2011,FEMALE,HISPANIC,MAKAYLA,32
2011,FEMALE,HISPANIC,MARIA,59
2011,FEMALE,HISPANIC,MARIAH,33
2011,FEMALE,HISPANIC,MARIANA,12
2011,FEMALE,HISPANIC,MARILYN,10
2011,FEMALE,HISPANIC,MARISOL,10
2011,FEMALE,HISPANIC,MAYA,49
2011,FEMALE,HISPANIC,MEGAN,11
2011,FEMALE,HISPANIC,MELANIE,109
2011,FEMALE,HISPANIC,MELANY,14
2011,FEMALE,HISPANIC,MELISSA,50
2011,FEMALE,HISPANIC,MELODY,23
2011,FEMALE,HISPANIC,MIA,229
2011,FEMALE,HISPANIC,MIAH,17
2011,FEMALE,HISPANIC,MICHELLE,51
2011,FEMALE,HISPANIC,MIKAELA,14
2011,FEMALE,HISPANIC,MIKAYLA,26
2011,FEMALE,HISPANIC,MILA,19
2011,FEMALE,HISPANIC,MILEY,17
2011,FEMALE,HISPANIC,MIRANDA,11
2011,FEMALE,HISPANIC,MIRIAM,11
2011,FEMALE,HISPANIC,MYA,29
2011,FEMALE,HISPANIC,NADIA,14
2011,FEMALE,HISPANIC,NANCY,10
2011,FEMALE,HISPANIC,NAOMI,22
2011,FEMALE,HISPANIC,NATALIA,50
2011,FEMALE,HISPANIC,NATALIE,46
2011,FEMALE,HISPANIC,NATALY,13
2011,FEMALE,HISPANIC,NATASHA,11
2011,FEMALE,HISPANIC,NATHALIA,10
2011,FEMALE,HISPANIC,NATHALIE,26
2011,FEMALE,HISPANIC,NATHALY,20
2011,FEMALE,HISPANIC,NAYELI,17
2011,FEMALE,HISPANIC,NEVAEH,32
2011,FEMALE,HISPANIC,NICOLE,71
2011,FEMALE,HISPANIC,NINA,11
2011,FEMALE,HISPANIC,NOEMI,11
2011,FEMALE,HISPANIC,NYLA,16
2011,FEMALE,HISPANIC,OLIVIA,86
2011,FEMALE,HISPANIC,PAOLA,10
2011,FEMALE,HISPANIC,PENELOPE,14
2011,FEMALE,HISPANIC,PERLA,12
2011,FEMALE,HISPANIC,RACHEL,25
2011,FEMALE,HISPANIC,RAQUEL,11
2011,FEMALE,HISPANIC,REBECCA,10
2011,FEMALE,HISPANIC,RIHANNA,21
2011,FEMALE,HISPANIC,RILEY,12
2011,FEMALE,HISPANIC,ROSA,10
2011,FEMALE,HISPANIC,ROSE,11
2011,FEMALE,HISPANIC,ROSELYN,16
2011,FEMALE,HISPANIC,RUBY,20
2011,FEMALE,HISPANIC,SABRINA,25
2011,FEMALE,HISPANIC,SADIE,11
2011,FEMALE,HISPANIC,SAMANTHA,100
2011,FEMALE,HISPANIC,SAMARA,12
2011,FEMALE,HISPANIC,SARA,29
2011,FEMALE,HISPANIC,SARAH,53
2011,FEMALE,HISPANIC,SARAI,24
2011,FEMALE,HISPANIC,SARIAH,10
2011,FEMALE,HISPANIC,SASHA,10
2011,FEMALE,HISPANIC,SAVANNA,10
2011,FEMALE,HISPANIC,SAVANNAH,38
2011,FEMALE,HISPANIC,SCARLET,29
2011,FEMALE,HISPANIC,SCARLETT,65
2011,FEMALE,HISPANIC,SELENA,15
2011,FEMALE,HISPANIC,SERENITY,37
2011,FEMALE,HISPANIC,SHERLYN,13
2011,FEMALE,HISPANIC,SHIRLEY,15
2011,FEMALE,HISPANIC,SIENNA,17
2011,FEMALE,HISPANIC,SKYLA,21
2011,FEMALE,HISPANIC,SKYLAR,12
2011,FEMALE,HISPANIC,SOFIA,165
2011,FEMALE,HISPANIC,SOPHIA,223
2011,FEMALE,HISPANIC,SOPHIE,12
2011,FEMALE,HISPANIC,STACY,10
2011,FEMALE,HISPANIC,STELLA,11
2011,FEMALE,HISPANIC,STEPHANIE,50
2011,FEMALE,HISPANIC,STEPHANY,11
2011,FEMALE,HISPANIC,TATIANA,11
2011,FEMALE,HISPANIC,TAYLOR,13
2011,FEMALE,HISPANIC,TIANA,11
2011,FEMALE,HISPANIC,TIFFANY,24
2011,FEMALE,HISPANIC,VALENTINA,85
2011,FEMALE,HISPANIC,VALERIA,45
2011,FEMALE,HISPANIC,VALERIE,53
2011,FEMALE,HISPANIC,VANESSA,42
2011,FEMALE,HISPANIC,VERONICA,10
2011,FEMALE,HISPANIC,VICTORIA,114
2011,FEMALE,HISPANIC,VIOLET,14
2011,FEMALE,HISPANIC,VIVIANA,11
2011,FEMALE,HISPANIC,WENDY,12
2011,FEMALE,HISPANIC,XIMENA,18
2011,FEMALE,HISPANIC,YAMILET,11
2011,FEMALE,HISPANIC,YARETZI,22
2011,FEMALE,HISPANIC,ZOE,65
2011,FEMALE,HISPANIC,ZOEY,27
2011,FEMALE,WHITE NON HISPANIC,ABIGAIL,103
2011,FEMALE,WHITE NON HISPANIC,ADDISON,19
2011,FEMALE,WHITE NON HISPANIC,ADELE,22
2011,FEMALE,WHITE NON HISPANIC,ADELINE,12
2011,FEMALE,WHITE NON HISPANIC,ADINA,19
2011,FEMALE,WHITE NON HISPANIC,ADRIANA,29
2011,FEMALE,WHITE NON HISPANIC,ADRIANNA,18
2011,FEMALE,WHITE NON HISPANIC,AHUVA,16
2011,FEMALE,WHITE NON HISPANIC,ALESSANDRA,20
2011,FEMALE,WHITE NON HISPANIC,ALESSIA,14
2011,FEMALE,WHITE NON HISPANIC,ALEXA,54
2011,FEMALE,WHITE NON HISPANIC,ALEXANDRA,109
2011,FEMALE,WHITE NON HISPANIC,ALEXIS,27
2011,FEMALE,WHITE NON HISPANIC,ALICE,50
2011,FEMALE,WHITE NON HISPANIC,ALICIA,11
2011,FEMALE,WHITE NON HISPANIC,ALINA,11
2011,FEMALE,WHITE NON HISPANIC,ALISA,14
2011,FEMALE,WHITE NON HISPANIC,ALIZA,22
2011,FEMALE,WHITE NON HISPANIC,ALLISON,15
2011,FEMALE,WHITE NON HISPANIC,ALYSSA,28
2011,FEMALE,WHITE NON HISPANIC,AMANDA,15
2011,FEMALE,WHITE NON HISPANIC,AMELIA,62
2011,FEMALE,WHITE NON HISPANIC,AMELIE,15
2011,FEMALE,WHITE NON HISPANIC,AMINA,17
2011,FEMALE,WHITE NON HISPANIC,AMIRA,11
2011,FEMALE,WHITE NON HISPANIC,AMY,11
2011,FEMALE,WHITE NON HISPANIC,ANASTASIA,19
2011,FEMALE,WHITE NON HISPANIC,ANGELICA,10
2011,FEMALE,WHITE NON HISPANIC,ANGELINA,50
2011,FEMALE,WHITE NON HISPANIC,ANNA,85
2011,FEMALE,WHITE NON HISPANIC,ANNABEL,14
2011,FEMALE,WHITE NON HISPANIC,ANNABELLE,27
2011,FEMALE,WHITE NON HISPANIC,ARIANA,27
2011,FEMALE,WHITE NON HISPANIC,ARIANNA,28
2011,FEMALE,WHITE NON HISPANIC,ARIEL,14
2011,FEMALE,WHITE NON HISPANIC,ARIELA,10
2011,FEMALE,WHITE NON HISPANIC,ARIELLA,26
2011,FEMALE,WHITE NON HISPANIC,ASHLEY,20
2011,FEMALE,WHITE NON HISPANIC,ATARA,10
2011,FEMALE,WHITE NON HISPANIC,AUBREY,10
2011,FEMALE,WHITE NON HISPANIC,AUDREY,26
2011,FEMALE,WHITE NON HISPANIC,AUTUMN,10
2011,FEMALE,WHITE NON HISPANIC,AVA,162
2011,FEMALE,WHITE NON HISPANIC,AVERY,52
2011,FEMALE,WHITE NON HISPANIC,AVIGAIL,11
2011,FEMALE,WHITE NON HISPANIC,AVIVA,18
2011,FEMALE,WHITE NON HISPANIC,AYLA,10
2011,FEMALE,WHITE NON HISPANIC,BAILA,40
2011,FEMALE,WHITE NON HISPANIC,BARBARA,12
2011,FEMALE,WHITE NON HISPANIC,BATSHEVA,20
2011,FEMALE,WHITE NON HISPANIC,BATYA,15
2011,FEMALE,WHITE NON HISPANIC,BEATRICE,33
2011,FEMALE,WHITE NON HISPANIC,BELLA,22
2011,FEMALE,WHITE NON HISPANIC,BIANCA,10
2011,FEMALE,WHITE NON HISPANIC,BLAKE,14
2011,FEMALE,WHITE NON HISPANIC,BLIMA,20
2011,FEMALE,WHITE NON HISPANIC,BLIMY,23
2011,FEMALE,WHITE NON HISPANIC,BRACHA,24
2011,FEMALE,WHITE NON HISPANIC,BREINDY,15
2011,FEMALE,WHITE NON HISPANIC,BRIANNA,32
2011,FEMALE,WHITE NON HISPANIC,BRIDGET,14
2011,FEMALE,WHITE NON HISPANIC,BROOKE,33
2011,FEMALE,WHITE NON HISPANIC,BROOKLYN,15
2011,FEMALE,WHITE NON HISPANIC,BRUCHA,19
2011,FEMALE,WHITE NON HISPANIC,BRUCHY,13
2011,FEMALE,WHITE NON HISPANIC,BRYNN,14
2011,FEMALE,WHITE NON HISPANIC,CAITLIN,11
2011,FEMALE,WHITE NON HISPANIC,CAMERON,11
2011,FEMALE,WHITE NON HISPANIC,CAROLINE,52
2011,FEMALE,WHITE NON HISPANIC,CASEY,12
2011,FEMALE,WHITE NON HISPANIC,CATHERINE,33
2011,FEMALE,WHITE NON HISPANIC,CECILIA,16
2011,FEMALE,WHITE NON HISPANIC,CELIA,10
2011,FEMALE,WHITE NON HISPANIC,CHANA,132
2011,FEMALE,WHITE NON HISPANIC,CHANY,38
2011,FEMALE,WHITE NON HISPANIC,CHARLIE,14
2011,FEMALE,WHITE NON HISPANIC,CHARLOTTE,127
2011,FEMALE,WHITE NON HISPANIC,CHAVA,46
2011,FEMALE,WHITE NON HISPANIC,CHAVY,10
2011,FEMALE,WHITE NON HISPANIC,CHAYA,178
2011,FEMALE,WHITE NON HISPANIC,CHLOE,95
2011,FEMALE,WHITE NON HISPANIC,CHRISTINA,14
2011,FEMALE,WHITE NON HISPANIC,CLAIRE,35
2011,FEMALE,WHITE NON HISPANIC,CLARA,28
2011,FEMALE,WHITE NON HISPANIC,COLETTE,14
2011,FEMALE,WHITE NON HISPANIC,CORA,10
2011,FEMALE,WHITE NON HISPANIC,DAHLIA,15
2011,FEMALE,WHITE NON HISPANIC,DAISY,13
2011,FEMALE,WHITE NON HISPANIC,DALIA,10
2011,FEMALE,WHITE NON HISPANIC,DANIELA,13
2011,FEMALE,WHITE NON HISPANIC,DANIELLA,41
2011,FEMALE,WHITE NON HISPANIC,DANIELLE,15
2011,FEMALE,WHITE NON HISPANIC,DEVORA,17
2011,FEMALE,WHITE NON HISPANIC,DEVORAH,44
2011,FEMALE,WHITE NON HISPANIC,DIANA,13
2011,FEMALE,WHITE NON HISPANIC,DINA,41
2011,FEMALE,WHITE NON HISPANIC,DYLAN,20
2011,FEMALE,WHITE NON HISPANIC,EDEN,24
2011,FEMALE,WHITE NON HISPANIC,ELEANOR,39
2011,FEMALE,WHITE NON HISPANIC,ELENA,19
2011,FEMALE,WHITE NON HISPANIC,ELIANA,36
2011,FEMALE,WHITE NON HISPANIC,ELISE,13
2011,FEMALE,WHITE NON HISPANIC,ELISHEVA,14
2011,FEMALE,WHITE NON HISPANIC,ELIZA,25
2011,FEMALE,WHITE NON HISPANIC,ELIZABETH,100
2011,FEMALE,WHITE NON HISPANIC,ELLA,127
2011,FEMALE,WHITE NON HISPANIC,ELLE,17
2011,FEMALE,WHITE NON HISPANIC,ELLIANA,11
2011,FEMALE,WHITE NON HISPANIC,ELLIE,26
2011,FEMALE,WHITE NON HISPANIC,ELOISE,24
2011,FEMALE,WHITE NON HISPANIC,EMERSON,16
2011,FEMALE,WHITE NON HISPANIC,EMILIA,33
2011,FEMALE,WHITE NON HISPANIC,EMILY,119
2011,FEMALE,WHITE NON HISPANIC,EMMA,213
2011,FEMALE,WHITE NON HISPANIC,ERIN,15
2011,FEMALE,WHITE NON HISPANIC,ESTER,14
2011,FEMALE,WHITE NON HISPANIC,ESTHER,224
2011,FEMALE,WHITE NON HISPANIC,ESTY,18
2011,FEMALE,WHITE NON HISPANIC,ETTY,15
2011,FEMALE,WHITE NON HISPANIC,EVA,64
2011,FEMALE,WHITE NON HISPANIC,EVE,22
2011,FEMALE,WHITE NON HISPANIC,EVELYN,39
2011,FEMALE,WHITE NON HISPANIC,FAIGA,16
2011,FEMALE,WHITE NON HISPANIC,FAIGY,72
2011,FEMALE,WHITE NON HISPANIC,FINLEY,11
2011,FEMALE,WHITE NON HISPANIC,FIONA,30
2011,FEMALE,WHITE NON HISPANIC,FRADEL,16
2011,FEMALE,WHITE NON HISPANIC,FRAIDY,26
2011,FEMALE,WHITE NON HISPANIC,FRANCESCA,33
2011,FEMALE,WHITE NON HISPANIC,FRIMET,10
2011,FEMALE,WHITE NON HISPANIC,GABRIELA,19
2011,FEMALE,WHITE NON HISPANIC,GABRIELLA,102
2011,FEMALE,WHITE NON HISPANIC,GABRIELLE,15
2011,FEMALE,WHITE NON HISPANIC,GEMMA,15
2011,FEMALE,WHITE NON HISPANIC,GENEVIEVE,12
2011,FEMALE,WHITE NON HISPANIC,GEORGIA,26
2011,FEMALE,WHITE NON HISPANIC,GIA,26
2011,FEMALE,WHITE NON HISPANIC,GIANNA,68
2011,FEMALE,WHITE NON HISPANIC,GIOVANNA,10
2011,FEMALE,WHITE NON HISPANIC,GITTEL,23
2011,FEMALE,WHITE NON HISPANIC,GITTY,82
2011,FEMALE,WHITE NON HISPANIC,GIULIANA,41
2011,FEMALE,WHITE NON HISPANIC,GOLDA,14
2011,FEMALE,WHITE NON HISPANIC,GOLDY,33
2011,FEMALE,WHITE NON HISPANIC,GRACE,93
2011,FEMALE,WHITE NON HISPANIC,GRETA,12
2011,FEMALE,WHITE NON HISPANIC,HADASSA,11
2011,FEMALE,WHITE NON HISPANIC,HADASSAH,15
2011,FEMALE,WHITE NON HISPANIC,HAILEY,34
2011,FEMALE,WHITE NON HISPANIC,HANNA,11
2011,FEMALE,WHITE NON HISPANIC,HANNAH,71
2011,FEMALE,WHITE NON HISPANIC,HARPER,30
2011,FEMALE,WHITE NON HISPANIC,HAZEL,18
2011,FEMALE,WHITE NON HISPANIC,HENNY,18
2011,FEMALE,WHITE NON HISPANIC,HINDY,37
2011,FEMALE,WHITE NON HISPANIC,IDY,10
2011,FEMALE,WHITE NON HISPANIC,ILANA,10
2011,FEMALE,WHITE NON HISPANIC,IRIS,13
2011,FEMALE,WHITE NON HISPANIC,ISABEL,34
2011,FEMALE,WHITE NON HISPANIC,ISABELLA,160
2011,FEMALE,WHITE NON HISPANIC,ISABELLE,25
2011,FEMALE,WHITE NON HISPANIC,ISLA,14
2011,FEMALE,WHITE NON HISPANIC,IVY,15
2011,FEMALE,WHITE NON HISPANIC,IZABELLA,10
2011,FEMALE,WHITE NON HISPANIC,JACQUELINE,20
2011,FEMALE,WHITE NON HISPANIC,JANE,27
2011,FEMALE,WHITE NON HISPANIC,JASMINE,14
2011,FEMALE,WHITE NON HISPANIC,JENNA,22
2011,FEMALE,WHITE NON HISPANIC,JESSICA,22
2011,FEMALE,WHITE NON HISPANIC,JORDYN,11
2011,FEMALE,WHITE NON HISPANIC,JOSEPHINE,33
2011,FEMALE,WHITE NON HISPANIC,JOYCE,14
2011,FEMALE,WHITE NON HISPANIC,JULIA,116
2011,FEMALE,WHITE NON HISPANIC,JULIANA,38
2011,FEMALE,WHITE NON HISPANIC,JULIANNA,28
2011,FEMALE,WHITE NON HISPANIC,JULIE,10
2011,FEMALE,WHITE NON HISPANIC,JULIET,36
2011,FEMALE,WHITE NON HISPANIC,JULIETTE,23
2011,FEMALE,WHITE NON HISPANIC,KAITLYN,17
2011,FEMALE,WHITE NON HISPANIC,KATE,17
2011,FEMALE,WHITE NON HISPANIC,KATHERINE,44
2011,FEMALE,WHITE NON HISPANIC,KATHRYN,12
2011,FEMALE,WHITE NON HISPANIC,KAYLA,45
2011,FEMALE,WHITE NON HISPANIC,KAYLEE,11
2011,FEMALE,WHITE NON HISPANIC,KIRA,11
2011,FEMALE,WHITE NON HISPANIC,KYLIE,13
2011,FEMALE,WHITE NON HISPANIC,LAILA,23
2011,FEMALE,WHITE NON HISPANIC,LARA,13
2011,FEMALE,WHITE NON HISPANIC,LAURA,18
2011,FEMALE,WHITE NON HISPANIC,LAUREN,26
2011,FEMALE,WHITE NON HISPANIC,LAYLA,29
2011,FEMALE,WHITE NON HISPANIC,LEA,29
2011,FEMALE,WHITE NON HISPANIC,LEAH,183
2011,FEMALE,WHITE NON HISPANIC,LEILA,10
2011,FEMALE,WHITE NON HISPANIC,LENA,29
2011,FEMALE,WHITE NON HISPANIC,LEORA,12
2011,FEMALE,WHITE NON HISPANIC,LIA,23
2011,FEMALE,WHITE NON HISPANIC,LIANA,17
2011,FEMALE,WHITE NON HISPANIC,LIBA,20
2011,FEMALE,WHITE NON HISPANIC,LIBBY,23
2011,FEMALE,WHITE NON HISPANIC,LILA,34
2011,FEMALE,WHITE NON HISPANIC,LILAH,12
2011,FEMALE,WHITE NON HISPANIC,LILIANA,29
2011,FEMALE,WHITE NON HISPANIC,LILLIAN,47
2011,FEMALE,WHITE NON HISPANIC,LILLY,13
2011,FEMALE,WHITE NON HISPANIC,LILY,81
2011,FEMALE,WHITE NON HISPANIC,LINA,13
2011,FEMALE,WHITE NON HISPANIC,LOLA,22
2011,FEMALE,WHITE NON HISPANIC,LONDON,10
2011,FEMALE,WHITE NON HISPANIC,LUCIA,23
2011,FEMALE,WHITE NON HISPANIC,LUCY,47
2011,FEMALE,WHITE NON HISPANIC,LYLA,21
2011,FEMALE,WHITE NON HISPANIC,MACKENZIE,18
2011,FEMALE,WHITE NON HISPANIC,MADELEINE,24
2011,FEMALE,WHITE NON HISPANIC,MADELINE,39
2011,FEMALE,WHITE NON HISPANIC,MADELYN,15
2011,FEMALE,WHITE NON HISPANIC,MADISON,57
2011,FEMALE,WHITE NON HISPANIC,MAEVE,21
2011,FEMALE,WHITE NON HISPANIC,MAKAYLA,12
2011,FEMALE,WHITE NON HISPANIC,MALAK,15
2011,FEMALE,WHITE NON HISPANIC,MALKA,63
2011,FEMALE,WHITE NON HISPANIC,MALKY,59
2011,FEMALE,WHITE NON HISPANIC,MARGARET,25
2011,FEMALE,WHITE NON HISPANIC,MARIA,39
2011,FEMALE,WHITE NON HISPANIC,MARIAM,17
2011,FEMALE,WHITE NON HISPANIC,MARY,16
2011,FEMALE,WHITE NON HISPANIC,MATILDA,14
2011,FEMALE,WHITE NON HISPANIC,MAYA,94
2011,FEMALE,WHITE NON HISPANIC,MELANIE,12
2011,FEMALE,WHITE NON HISPANIC,MIA,116
2011,FEMALE,WHITE NON HISPANIC,MICHAELA,15
2011,FEMALE,WHITE NON HISPANIC,MICHAL,16
2011,FEMALE,WHITE NON HISPANIC,MICHELLE,35
2011,FEMALE,WHITE NON HISPANIC,MIKAYLA,12
2011,FEMALE,WHITE NON HISPANIC,MILA,31
2011,FEMALE,WHITE NON HISPANIC,MILENA,13
2011,FEMALE,WHITE NON HISPANIC,MINDY,24
2011,FEMALE,WHITE NON HISPANIC,MIRI,10
2011,FEMALE,WHITE NON HISPANIC,MIRIAM,131
2011,FEMALE,WHITE NON HISPANIC,MOLLY,36
2011,FEMALE,WHITE NON HISPANIC,MORGAN,20
2011,FEMALE,WHITE NON HISPANIC,NAOMI,46
2011,FEMALE,WHITE NON HISPANIC,NATALIA,20
2011,FEMALE,WHITE NON HISPANIC,NATALIE,40
2011,FEMALE,WHITE NON HISPANIC,NECHAMA,25
2011,FEMALE,WHITE NON HISPANIC,NICOLE,45
2011,FEMALE,WHITE NON HISPANIC,NICOLETTE,10
2011,FEMALE,WHITE NON HISPANIC,NINA,39
2011,FEMALE,WHITE NON HISPANIC,NOA,34
2011,FEMALE,WHITE NON HISPANIC,NORA,23
2011,FEMALE,WHITE NON HISPANIC,OLIVIA,213
2011,FEMALE,WHITE NON HISPANIC,PAIGE,13
2011,FEMALE,WHITE NON HISPANIC,PARKER,13
2011,FEMALE,WHITE NON HISPANIC,PEARL,23
2011,FEMALE,WHITE NON HISPANIC,PENELOPE,38
2011,FEMALE,WHITE NON HISPANIC,PEREL,15
2011,FEMALE,WHITE NON HISPANIC,PESSY,26
2011,FEMALE,WHITE NON HISPANIC,PHOEBE,23
2011,FEMALE,WHITE NON HISPANIC,PIPER,11
2011,FEMALE,WHITE NON HISPANIC,QUINN,10
2011,FEMALE,WHITE NON HISPANIC,RACHEL,171
2011,FEMALE,WHITE NON HISPANIC,RAIZEL,20
2011,FEMALE,WHITE NON HISPANIC,RAIZY,51
2011,FEMALE,WHITE NON HISPANIC,REBECCA,54
2011,FEMALE,WHITE NON HISPANIC,REESE,13
2011,FEMALE,WHITE NON HISPANIC,RIFKA,12
2011,FEMALE,WHITE NON HISPANIC,RIFKY,13
2011,FEMALE,WHITE NON HISPANIC,RILEY,28
2011,FEMALE,WHITE NON HISPANIC,RIVKA,113
2011,FEMALE,WHITE NON HISPANIC,RIVKY,43
2011,FEMALE,WHITE NON HISPANIC,ROCHEL,22
2011,FEMALE,WHITE NON HISPANIC,ROIZY,13
2011,FEMALE,WHITE NON HISPANIC,ROSE,35
2011,FEMALE,WHITE NON HISPANIC,RUBY,28
2011,FEMALE,WHITE NON HISPANIC,RUCHY,12
2011,FEMALE,WHITE NON HISPANIC,RUTH,11
2011,FEMALE,WHITE NON HISPANIC,RYAN,14
2011,FEMALE,WHITE NON HISPANIC,SABRINA,34
2011,FEMALE,WHITE NON HISPANIC,SADIE,32
2011,FEMALE,WHITE NON HISPANIC,SALMA,17
2011,FEMALE,WHITE NON HISPANIC,SAMANTHA,74
2011,FEMALE,WHITE NON HISPANIC,SARA,107
2011,FEMALE,WHITE NON HISPANIC,SARAH,177
2011,FEMALE,WHITE NON HISPANIC,SASHA,16
2011,FEMALE,WHITE NON HISPANIC,SAVANNAH,16
2011,FEMALE,WHITE NON HISPANIC,SCARLETT,31
2011,FEMALE,WHITE NON HISPANIC,SERENA,16
2011,FEMALE,WHITE NON HISPANIC,SHAINA,16
2011,FEMALE,WHITE NON HISPANIC,SHAINDEL,15
2011,FEMALE,WHITE NON HISPANIC,SHAINDY,48
2011,FEMALE,WHITE NON HISPANIC,SHEVY,10
2011,FEMALE,WHITE NON HISPANIC,SHIFRA,20
2011,FEMALE,WHITE NON HISPANIC,SHIRA,22
2011,FEMALE,WHITE NON HISPANIC,SHOSHANA,22
2011,FEMALE,WHITE NON HISPANIC,SIENA,16
2011,FEMALE,WHITE NON HISPANIC,SIENNA,38
2011,FEMALE,WHITE NON HISPANIC,SIMA,19
2011,FEMALE,WHITE NON HISPANIC,SIMI,10
2011,FEMALE,WHITE NON HISPANIC,SIMONE,15
2011,FEMALE,WHITE NON HISPANIC,SKYLAR,17
2011,FEMALE,WHITE NON HISPANIC,SLOANE,17
2011,FEMALE,WHITE NON HISPANIC,SOFIA,122
2011,FEMALE,WHITE NON HISPANIC,SOPHIA,180
2011,FEMALE,WHITE NON HISPANIC,SOPHIE,65
2011,FEMALE,WHITE NON HISPANIC,STELLA,69
2011,FEMALE,WHITE NON HISPANIC,SUMMER,16
2011,FEMALE,WHITE NON HISPANIC,SURI,14
2011,FEMALE,WHITE NON HISPANIC,SURY,20
2011,FEMALE,WHITE NON HISPANIC,SYDNEY,35
2011,FEMALE,WHITE NON HISPANIC,SYLVIA,11
2011,FEMALE,WHITE NON HISPANIC,TALIA,26
2011,FEMALE,WHITE NON HISPANIC,TAMAR,11
2011,FEMALE,WHITE NON HISPANIC,TAYLOR,25
2011,FEMALE,WHITE NON HISPANIC,TESSA,14
2011,FEMALE,WHITE NON HISPANIC,TOBY,39
2011,FEMALE,WHITE NON HISPANIC,TZIPORA,12
2011,FEMALE,WHITE NON HISPANIC,TZIPORAH,10
2011,FEMALE,WHITE NON HISPANIC,TZIPPY,10
2011,FEMALE,WHITE NON HISPANIC,TZIVIA,14
2011,FEMALE,WHITE NON HISPANIC,VALENTINA,31
2011,FEMALE,WHITE NON HISPANIC,VALERIE,11
2011,FEMALE,WHITE NON HISPANIC,VANESSA,14
2011,FEMALE,WHITE NON HISPANIC,VERA,19
2011,FEMALE,WHITE NON HISPANIC,VERONICA,22
2011,FEMALE,WHITE NON HISPANIC,VERONIKA,11
2011,FEMALE,WHITE NON HISPANIC,VICTORIA,84
2011,FEMALE,WHITE NON HISPANIC,VIOLET,38
2011,FEMALE,WHITE NON HISPANIC,VIVIAN,30
2011,FEMALE,WHITE NON HISPANIC,VIVIENNE,21
2011,FEMALE,WHITE NON HISPANIC,WILLA,13
2011,FEMALE,WHITE NON HISPANIC,YACHET,13
2011,FEMALE,WHITE NON HISPANIC,YAEL,21
2011,FEMALE,WHITE NON HISPANIC,YASMINE,10
2011,FEMALE,WHITE NON HISPANIC,YEHUDIS,23
2011,FEMALE,WHITE NON HISPANIC,YIDES,25
2011,FEMALE,WHITE NON HISPANIC,YITTY,32
2011,FEMALE,WHITE NON HISPANIC,YOCHEVED,20
2011,FEMALE,WHITE NON HISPANIC,ZISSY,25
2011,FEMALE,WHITE NON HISPANIC,ZOE,81
2011,FEMALE,WHITE NON HISPANIC,ZOEY,21
2011,MALE,ASIAN AND PACIFIC ISLANDER,AARAV,15
2011,MALE,ASIAN AND PACIFIC ISLANDER,AARON,51
2011,MALE,ASIAN AND PACIFIC ISLANDER,ABDUL,20
2011,MALE,ASIAN AND PACIFIC ISLANDER,ABDULLAH,30
2011,MALE,ASIAN AND PACIFIC ISLANDER,ADAM,28
2011,MALE,ASIAN AND PACIFIC ISLANDER,ADITYA,14
2011,MALE,ASIAN AND PACIFIC ISLANDER,ADRIAN,19
2011,MALE,ASIAN AND PACIFIC ISLANDER,AHMED,21
2011,MALE,ASIAN AND PACIFIC ISLANDER,AIDAN,32
2011,MALE,ASIAN AND PACIFIC ISLANDER,AIDEN,96
2011,MALE,ASIAN AND PACIFIC ISLANDER,ALAN,37
2011,MALE,ASIAN AND PACIFIC ISLANDER,ALEX,52
2011,MALE,ASIAN AND PACIFIC ISLANDER,ALEXANDER,47
2011,MALE,ASIAN AND PACIFIC ISLANDER,ALI,13
2011,MALE,ASIAN AND PACIFIC ISLANDER,ALLEN,14
2011,MALE,ASIAN AND PACIFIC ISLANDER,ALVIN,43
2011,MALE,ASIAN AND PACIFIC ISLANDER,ANDREW,70
2011,MALE,ASIAN AND PACIFIC ISLANDER,ANDY,43
2011,MALE,ASIAN AND PACIFIC ISLANDER,ANSON,18
2011,MALE,ASIAN AND PACIFIC ISLANDER,ANTHONY,46
2011,MALE,ASIAN AND PACIFIC ISLANDER,ARJUN,27
2011,MALE,ASIAN AND PACIFIC ISLANDER,ARMAAN,15
2011,MALE,ASIAN AND PACIFIC ISLANDER,ARYAN,18
2011,MALE,ASIAN AND PACIFIC ISLANDER,AUSTIN,64
2011,MALE,ASIAN AND PACIFIC ISLANDER,AYAAN,31
2011,MALE,ASIAN AND PACIFIC ISLANDER,AYDEN,24
2011,MALE,ASIAN AND PACIFIC ISLANDER,BENJAMIN,39
2011,MALE,ASIAN AND PACIFIC ISLANDER,BENSON,19
2011,MALE,ASIAN AND PACIFIC ISLANDER,BRANDON,29
2011,MALE,ASIAN AND PACIFIC ISLANDER,BRIAN,40
2011,MALE,ASIAN AND PACIFIC ISLANDER,BRYAN,15
2011,MALE,ASIAN AND PACIFIC ISLANDER,CALEB,16
2011,MALE,ASIAN AND PACIFIC ISLANDER,CALVIN,13
2011,MALE,ASIAN AND PACIFIC ISLANDER,CARSON,20
2011,MALE,ASIAN AND PACIFIC ISLANDER,CHARLES,17
2011,MALE,ASIAN AND PACIFIC ISLANDER,CHRISTIAN,21
2011,MALE,ASIAN AND PACIFIC ISLANDER,CHRISTOPHER,21
2011,MALE,ASIAN AND PACIFIC ISLANDER,CODY,10
2011,MALE,ASIAN AND PACIFIC ISLANDER,CONNOR,11
2011,MALE,ASIAN AND PACIFIC ISLANDER,DANIEL,84
2011,MALE,ASIAN AND PACIFIC ISLANDER,DANNY,20
2011,MALE,ASIAN AND PACIFIC ISLANDER,DARREN,21
2011,MALE,ASIAN AND PACIFIC ISLANDER,DAVID,28
2011,MALE,ASIAN AND PACIFIC ISLANDER,DEREK,32
2011,MALE,ASIAN AND PACIFIC ISLANDER,DEVIN,21
2011,MALE,ASIAN AND PACIFIC ISLANDER,DYLAN,53
2011,MALE,ASIAN AND PACIFIC ISLANDER,EASON,10
2011,MALE,ASIAN AND PACIFIC ISLANDER,EDISON,14
2011,MALE,ASIAN AND PACIFIC ISLANDER,EDWIN,15
2011,MALE,ASIAN AND PACIFIC ISLANDER,ELIJAH,12
2011,MALE,ASIAN AND PACIFIC ISLANDER,ELVIS,11
2011,MALE,ASIAN AND PACIFIC ISLANDER,ERIC,85
2011,MALE,ASIAN AND PACIFIC ISLANDER,ETHAN,177
2011,MALE,ASIAN AND PACIFIC ISLANDER,EVAN,51
2011,MALE,ASIAN AND PACIFIC ISLANDER,FARHAN,17
2011,MALE,ASIAN AND PACIFIC ISLANDER,FELIX,22
2011,MALE,ASIAN AND PACIFIC ISLANDER,GABRIEL,13
2011,MALE,ASIAN AND PACIFIC ISLANDER,GAVIN,27
2011,MALE,ASIAN AND PACIFIC ISLANDER,GEORGE,12
2011,MALE,ASIAN AND PACIFIC ISLANDER,HARRISON,13
2011,MALE,ASIAN AND PACIFIC ISLANDER,HAYDEN,10
2011,MALE,ASIAN AND PACIFIC ISLANDER,HENRY,21
2011,MALE,ASIAN AND PACIFIC ISLANDER,IAN,22
2011,MALE,ASIAN AND PACIFIC ISLANDER,IBRAHIM,17
2011,MALE,ASIAN AND PACIFIC ISLANDER,ISAAC,13
2011,MALE,ASIAN AND PACIFIC ISLANDER,ISHAAN,10
2011,MALE,ASIAN AND PACIFIC ISLANDER,IVAN,66
2011,MALE,ASIAN AND PACIFIC ISLANDER,JACK,21
2011,MALE,ASIAN AND PACIFIC ISLANDER,JACKSON,13
2011,MALE,ASIAN AND PACIFIC ISLANDER,JACKY,20
2011,MALE,ASIAN AND PACIFIC ISLANDER,JACOB,49
2011,MALE,ASIAN AND PACIFIC ISLANDER,JADEN,23
2011,MALE,ASIAN AND PACIFIC ISLANDER,JAKE,17
2011,MALE,ASIAN AND PACIFIC ISLANDER,JAMES,36
2011,MALE,ASIAN AND PACIFIC ISLANDER,JASON,98
2011,MALE,ASIAN AND PACIFIC ISLANDER,JAY,14
2011,MALE,ASIAN AND PACIFIC ISLANDER,JAYDEN,173
2011,MALE,ASIAN AND PACIFIC ISLANDER,JEFFREY,25
2011,MALE,ASIAN AND PACIFIC ISLANDER,JEREMY,17
2011,MALE,ASIAN AND PACIFIC ISLANDER,JERRY,25
2011,MALE,ASIAN AND PACIFIC ISLANDER,JIA,15
2011,MALE,ASIAN AND PACIFIC ISLANDER,JOHN,21
2011,MALE,ASIAN AND PACIFIC ISLANDER,JOHNNY,18
2011,MALE,ASIAN AND PACIFIC ISLANDER,JONATHAN,50
2011,MALE,ASIAN AND PACIFIC ISLANDER,JORDAN,23
2011,MALE,ASIAN AND PACIFIC ISLANDER,JOSEPH,21
2011,MALE,ASIAN AND PACIFIC ISLANDER,JOSHUA,36
2011,MALE,ASIAN AND PACIFIC ISLANDER,JULIAN,11
2011,MALE,ASIAN AND PACIFIC ISLANDER,JUSTIN,110
2011,MALE,ASIAN AND PACIFIC ISLANDER,KAI,12
2011,MALE,ASIAN AND PACIFIC ISLANDER,KEVIN,92
2011,MALE,ASIAN AND PACIFIC ISLANDER,KINGSLEY,36
2011,MALE,ASIAN AND PACIFIC ISLANDER,KYLE,45
2011,MALE,ASIAN AND PACIFIC ISLANDER,LAWRENCE,14
2011,MALE,ASIAN AND PACIFIC ISLANDER,LEO,40
2011,MALE,ASIAN AND PACIFIC ISLANDER,LEON,17
2011,MALE,ASIAN AND PACIFIC ISLANDER,LIAM,25
2011,MALE,ASIAN AND PACIFIC ISLANDER,LOGAN,19
2011,MALE,ASIAN AND PACIFIC ISLANDER,LOUIS,10
2011,MALE,ASIAN AND PACIFIC ISLANDER,LUCAS,103
2011,MALE,ASIAN AND PACIFIC ISLANDER,LUKE,11
2011,MALE,ASIAN AND PACIFIC ISLANDER,MARCUS,20
2011,MALE,ASIAN AND PACIFIC ISLANDER,MARTIN,14
2011,MALE,ASIAN AND PACIFIC ISLANDER,MASON,34
2011,MALE,ASIAN AND PACIFIC ISLANDER,MATTHEW,74
2011,MALE,ASIAN AND PACIFIC ISLANDER,MAX,14
2011,MALE,ASIAN AND PACIFIC ISLANDER,MICHAEL,38
2011,MALE,ASIAN AND PACIFIC ISLANDER,MILES,10
2011,MALE,ASIAN AND PACIFIC ISLANDER,MOHAMED,13
2011,MALE,ASIAN AND PACIFIC ISLANDER,MOHAMMAD,46
2011,MALE,ASIAN AND PACIFIC ISLANDER,MOHAMMED,41
2011,MALE,ASIAN AND PACIFIC ISLANDER,MUHAMMAD,76
2011,MALE,ASIAN AND PACIFIC ISLANDER,NATHAN,41
2011,MALE,ASIAN AND PACIFIC ISLANDER,NATHANIEL,16
2011,MALE,ASIAN AND PACIFIC ISLANDER,NELSON,12
2011,MALE,ASIAN AND PACIFIC ISLANDER,NICHOLAS,26
2011,MALE,ASIAN AND PACIFIC ISLANDER,NOAH,19
2011,MALE,ASIAN AND PACIFIC ISLANDER,OLIVER,10
2011,MALE,ASIAN AND PACIFIC ISLANDER,OSCAR,25
2011,MALE,ASIAN AND PACIFIC ISLANDER,OWEN,27
2011,MALE,ASIAN AND PACIFIC ISLANDER,PATRICK,14
2011,MALE,ASIAN AND PACIFIC ISLANDER,PETER,11
2011,MALE,ASIAN AND PACIFIC ISLANDER,RAYAN,10
2011,MALE,ASIAN AND PACIFIC ISLANDER,RAYMOND,27
2011,MALE,ASIAN AND PACIFIC ISLANDER,RICHARD,26
2011,MALE,ASIAN AND PACIFIC ISLANDER,RICKY,16
2011,MALE,ASIAN AND PACIFIC ISLANDER,ROHAN,15
2011,MALE,ASIAN AND PACIFIC ISLANDER,RYAN,150
2011,MALE,ASIAN AND PACIFIC ISLANDER,SAMUEL,30
2011,MALE,ASIAN AND PACIFIC ISLANDER,SEAN,14
2011,MALE,ASIAN AND PACIFIC ISLANDER,SEBASTIAN,14
2011,MALE,ASIAN AND PACIFIC ISLANDER,SHAWN,10
2011,MALE,ASIAN AND PACIFIC ISLANDER,SIMON,14
2011,MALE,ASIAN AND PACIFIC ISLANDER,STANLEY,23
2011,MALE,ASIAN AND PACIFIC ISLANDER,STEVEN,35
2011,MALE,ASIAN AND PACIFIC ISLANDER,SYED,16
2011,MALE,ASIAN AND PACIFIC ISLANDER,TENZIN,24
2011,MALE,ASIAN AND PACIFIC ISLANDER,TERRY,11
2011,MALE,ASIAN AND PACIFIC ISLANDER,THOMAS,18
2011,MALE,ASIAN AND PACIFIC ISLANDER,TIMOTHY,16
2011,MALE,ASIAN AND PACIFIC ISLANDER,TONY,16
2011,MALE,ASIAN AND PACIFIC ISLANDER,TRAVIS,11
2011,MALE,ASIAN AND PACIFIC ISLANDER,TYLER,31
2011,MALE,ASIAN AND PACIFIC ISLANDER,VICTOR,17
2011,MALE,ASIAN AND PACIFIC ISLANDER,VINCENT,71
2011,MALE,ASIAN AND PACIFIC ISLANDER,WILLIAM,66
2011,MALE,ASIAN AND PACIFIC ISLANDER,WILSON,23
2011,MALE,ASIAN AND PACIFIC ISLANDER,XAVIER,10
2011,MALE,ASIAN AND PACIFIC ISLANDER,ZACHARY,12
2011,MALE,ASIAN AND PACIFIC ISLANDER,ZAIN,12
2011,MALE,ASIAN AND PACIFIC ISLANDER,ZAYAN,10
2011,MALE,BLACK NON HISPANIC,AARON,53
2011,MALE,BLACK NON HISPANIC,ABDOUL,16
2011,MALE,BLACK NON HISPANIC,ABDOULAYE,13
2011,MALE,BLACK NON HISPANIC,ADAM,28
2011,MALE,BLACK NON HISPANIC,ADEN,19
2011,MALE,BLACK NON HISPANIC,ADONIS,11
2011,MALE,BLACK NON HISPANIC,ADRIAN,18
2011,MALE,BLACK NON HISPANIC,AHMED,11
2011,MALE,BLACK NON HISPANIC,AIDAN,20
2011,MALE,BLACK NON HISPANIC,AIDEN,167
2011,MALE,BLACK NON HISPANIC,ALEXANDER,39
2011,MALE,BLACK NON HISPANIC,ALI,11
2011,MALE,BLACK NON HISPANIC,ALIJAH,10
2011,MALE,BLACK NON HISPANIC,ALVIN,10
2011,MALE,BLACK NON HISPANIC,AMADOU,15
2011,MALE,BLACK NON HISPANIC,AMARE,15
2011,MALE,BLACK NON HISPANIC,AMAR'E,12
2011,MALE,BLACK NON HISPANIC,AMARI,57
2011,MALE,BLACK NON HISPANIC,AMIR,89
2011,MALE,BLACK NON HISPANIC,ANDRE,22
2011,MALE,BLACK NON HISPANIC,ANDREW,36
2011,MALE,BLACK NON HISPANIC,ANGEL,10
2011,MALE,BLACK NON HISPANIC,ANTHONY,66
2011,MALE,BLACK NON HISPANIC,ANTONIO,15
2011,MALE,BLACK NON HISPANIC,ASHTON,18
2011,MALE,BLACK NON HISPANIC,AUSTIN,13
2011,MALE,BLACK NON HISPANIC,AVERY,19
2011,MALE,BLACK NON HISPANIC,AYDEN,88
2011,MALE,BLACK NON HISPANIC,BENJAMIN,13
2011,MALE,BLACK NON HISPANIC,BLAKE,19
2011,MALE,BLACK NON HISPANIC,BRANDON,57
2011,MALE,BLACK NON HISPANIC,BRIAN,22
2011,MALE,BLACK NON HISPANIC,BRYAN,10
2011,MALE,BLACK NON HISPANIC,BRYCE,35
2011,MALE,BLACK NON HISPANIC,BRYSON,14
2011,MALE,BLACK NON HISPANIC,CALEB,44
2011,MALE,BLACK NON HISPANIC,CAMERON,47
2011,MALE,BLACK NON HISPANIC,CARMELO,13
2011,MALE,BLACK NON HISPANIC,CARTER,35
2011,MALE,BLACK NON HISPANIC,CAYDEN,11
2011,MALE,BLACK NON HISPANIC,CHAD,12
2011,MALE,BLACK NON HISPANIC,CHANCE,15
2011,MALE,BLACK NON HISPANIC,CHARLES,15
2011,MALE,BLACK NON HISPANIC,CHASE,41
2011,MALE,BLACK NON HISPANIC,CHRIS,10
2011,MALE,BLACK NON HISPANIC,CHRISTIAN,91
2011,MALE,BLACK NON HISPANIC,CHRISTOPHER,80
2011,MALE,BLACK NON HISPANIC,CODY,10
2011,MALE,BLACK NON HISPANIC,COREY,10
2011,MALE,BLACK NON HISPANIC,DANIEL,81
2011,MALE,BLACK NON HISPANIC,DARIUS,12
2011,MALE,BLACK NON HISPANIC,DARREN,12
2011,MALE,BLACK NON HISPANIC,DAVID,84
2011,MALE,BLACK NON HISPANIC,DERRICK,10
2011,MALE,BLACK NON HISPANIC,DEVIN,24
2011,MALE,BLACK NON HISPANIC,DEVON,10
2011,MALE,BLACK NON HISPANIC,DOMINIC,17
2011,MALE,BLACK NON HISPANIC,DONOVAN,10
2011,MALE,BLACK NON HISPANIC,DWAYNE,14
2011,MALE,BLACK NON HISPANIC,DYLAN,42
2011,MALE,BLACK NON HISPANIC,EDWARD,10
2011,MALE,BLACK NON HISPANIC,ELI,22
2011,MALE,BLACK NON HISPANIC,ELIAS,14
2011,MALE,BLACK NON HISPANIC,ELIJAH,156
2011,MALE,BLACK NON HISPANIC,EMMANUEL,46
2011,MALE,BLACK NON HISPANIC,ERIC,14
2011,MALE,BLACK NON HISPANIC,ETHAN,124
2011,MALE,BLACK NON HISPANIC,EVAN,26
2011,MALE,BLACK NON HISPANIC,GABRIEL,36
2011,MALE,BLACK NON HISPANIC,GAVIN,18
2011,MALE,BLACK NON HISPANIC,GEORGE,10
2011,MALE,BLACK NON HISPANIC,GIOVANNI,14
2011,MALE,BLACK NON HISPANIC,HASSAN,10
2011,MALE,BLACK NON HISPANIC,HAYDEN,12
2011,MALE,BLACK NON HISPANIC,HUNTER,12
2011,MALE,BLACK NON HISPANIC,IAN,21
2011,MALE,BLACK NON HISPANIC,IBRAHIM,25
2011,MALE,BLACK NON HISPANIC,IBRAHIMA,11
2011,MALE,BLACK NON HISPANIC,ISAAC,18
2011,MALE,BLACK NON HISPANIC,ISAIAH,105
2011,MALE,BLACK NON HISPANIC,ISHMAEL,10
2011,MALE,BLACK NON HISPANIC,ISIAH,11
2011,MALE,BLACK NON HISPANIC,JACE,21
2011,MALE,BLACK NON HISPANIC,JACKSON,11
2011,MALE,BLACK NON HISPANIC,JACOB,82
2011,MALE,BLACK NON HISPANIC,JADEN,75
2011,MALE,BLACK NON HISPANIC,JAHEIM,10
2011,MALE,BLACK NON HISPANIC,JAHMIR,14
2011,MALE,BLACK NON HISPANIC,JAIDEN,35
2011,MALE,BLACK NON HISPANIC,JALEN,15
2011,MALE,BLACK NON HISPANIC,JAMAL,13
2011,MALE,BLACK NON HISPANIC,JAMEL,13
2011,MALE,BLACK NON HISPANIC,JAMES,33
2011,MALE,BLACK NON HISPANIC,JAMIR,12
2011,MALE,BLACK NON HISPANIC,JARED,12
2011,MALE,BLACK NON HISPANIC,JASIAH,16
2011,MALE,BLACK NON HISPANIC,JASON,44
2011,MALE,BLACK NON HISPANIC,JAYDEN,184
2011,MALE,BLACK NON HISPANIC,JAYLEN,38
2011,MALE,BLACK NON HISPANIC,JAYSON,14
2011,MALE,BLACK NON HISPANIC,JELANI,11
2011,MALE,BLACK NON HISPANIC,JEREMIAH,153
2011,MALE,BLACK NON HISPANIC,JEREMY,15
2011,MALE,BLACK NON HISPANIC,JERMAINE,16
2011,MALE,BLACK NON HISPANIC,JESSE,12
2011,MALE,BLACK NON HISPANIC,JOEL,37
2011,MALE,BLACK NON HISPANIC,JOHN,34
2011,MALE,BLACK NON HISPANIC,JONATHAN,53
2011,MALE,BLACK NON HISPANIC,JORDAN,53
2011,MALE,BLACK NON HISPANIC,JOSEPH,35
2011,MALE,BLACK NON HISPANIC,JOSHUA,128
2011,MALE,BLACK NON HISPANIC,JOSIAH,121
2011,MALE,BLACK NON HISPANIC,JULIAN,19
2011,MALE,BLACK NON HISPANIC,JUSTICE,11
2011,MALE,BLACK NON HISPANIC,JUSTIN,85
2011,MALE,BLACK NON HISPANIC,KADEN,22
2011,MALE,BLACK NON HISPANIC,KAI,14
2011,MALE,BLACK NON HISPANIC,KAIDEN,28
2011,MALE,BLACK NON HISPANIC,KALEB,18
2011,MALE,BLACK NON HISPANIC,KAMARI,17
2011,MALE,BLACK NON HISPANIC,KAMERON,14
2011,MALE,BLACK NON HISPANIC,KAYDEN,37
2011,MALE,BLACK NON HISPANIC,KEITH,12
2011,MALE,BLACK NON HISPANIC,KENNETH,16
2011,MALE,BLACK NON HISPANIC,KEVIN,28
2011,MALE,BLACK NON HISPANIC,KHALIL,19
2011,MALE,BLACK NON HISPANIC,KING,14
2011,MALE,BLACK NON HISPANIC,KIYAN,12
2011,MALE,BLACK NON HISPANIC,KYLE,40
2011,MALE,BLACK NON HISPANIC,KYMANI,19
2011,MALE,BLACK NON HISPANIC,LAMAR,15
2011,MALE,BLACK NON HISPANIC,LANDON,11
2011,MALE,BLACK NON HISPANIC,LEVI,15
2011,MALE,BLACK NON HISPANIC,LIAM,61
2011,MALE,BLACK NON HISPANIC,LOGAN,25
2011,MALE,BLACK NON HISPANIC,LUCAS,12
2011,MALE,BLACK NON HISPANIC,MAKAI,10
2011,MALE,BLACK NON HISPANIC,MALACHI,72
2011,MALE,BLACK NON HISPANIC,MALCOLM,11
2011,MALE,BLACK NON HISPANIC,MALIK,24
2011,MALE,BLACK NON HISPANIC,MAMADOU,27
2011,MALE,BLACK NON HISPANIC,MARC,11
2011,MALE,BLACK NON HISPANIC,MARCUS,24
2011,MALE,BLACK NON HISPANIC,MARQUIS,10
2011,MALE,BLACK NON HISPANIC,MASON,83
2011,MALE,BLACK NON HISPANIC,MATTHEW,59
2011,MALE,BLACK NON HISPANIC,MAURICE,16
2011,MALE,BLACK NON HISPANIC,MEKHI,33
2011,MALE,BLACK NON HISPANIC,MESSIAH,23
2011,MALE,BLACK NON HISPANIC,MICAH,29
2011,MALE,BLACK NON HISPANIC,MICHAEL,93
2011,MALE,BLACK NON HISPANIC,MILES,10
2011,MALE,BLACK NON HISPANIC,MOHAMED,37
2011,MALE,BLACK NON HISPANIC,MOHAMMED,23
2011,MALE,BLACK NON HISPANIC,MOUSSA,11
2011,MALE,BLACK NON HISPANIC,MYLES,15
2011,MALE,BLACK NON HISPANIC,NANA,10
2011,MALE,BLACK NON HISPANIC,NASIR,33
2011,MALE,BLACK NON HISPANIC,NATHAN,32
2011,MALE,BLACK NON HISPANIC,NATHANIEL,64
2011,MALE,BLACK NON HISPANIC,NEHEMIAH,13
2011,MALE,BLACK NON HISPANIC,NICHOLAS,31
2011,MALE,BLACK NON HISPANIC,NICOLAS,11
2011,MALE,BLACK NON HISPANIC,NIGEL,10
2011,MALE,BLACK NON HISPANIC,NOAH,91
2011,MALE,BLACK NON HISPANIC,OMAR,14
2011,MALE,BLACK NON HISPANIC,OMARI,19
2011,MALE,BLACK NON HISPANIC,OUSMANE,14
2011,MALE,BLACK NON HISPANIC,PATRICK,14
2011,MALE,BLACK NON HISPANIC,PRESTON,19
2011,MALE,BLACK NON HISPANIC,PRINCE,32
2011,MALE,BLACK NON HISPANIC,QUINCY,10
2011,MALE,BLACK NON HISPANIC,RICARDO,10
2011,MALE,BLACK NON HISPANIC,RICHARD,15
2011,MALE,BLACK NON HISPANIC,ROBERT,29
2011,MALE,BLACK NON HISPANIC,RODNEY,10
2011,MALE,BLACK NON HISPANIC,RYAN,41
2011,MALE,BLACK NON HISPANIC,SAMUEL,30
2011,MALE,BLACK NON HISPANIC,SEAN,29
2011,MALE,BLACK NON HISPANIC,SEBASTIAN,11
2011,MALE,BLACK NON HISPANIC,SEKOU,15
2011,MALE,BLACK NON HISPANIC,SETH,12
2011,MALE,BLACK NON HISPANIC,SHAWN,18
2011,MALE,BLACK NON HISPANIC,SINCERE,24
2011,MALE,BLACK NON HISPANIC,STEPHEN,10
2011,MALE,BLACK NON HISPANIC,STEVEN,12
2011,MALE,BLACK NON HISPANIC,TERRELL,10
2011,MALE,BLACK NON HISPANIC,TERRENCE,11
2011,MALE,BLACK NON HISPANIC,TIMOTHY,14
2011,MALE,BLACK NON HISPANIC,TRAVIS,17
2011,MALE,BLACK NON HISPANIC,TRISTAN,58
2011,MALE,BLACK NON HISPANIC,TROY,13
2011,MALE,BLACK NON HISPANIC,TYLER,101
2011,MALE,BLACK NON HISPANIC,VICTOR,12
2011,MALE,BLACK NON HISPANIC,WILLIAM,27
2011,MALE,BLACK NON HISPANIC,XAVIER,58
2011,MALE,BLACK NON HISPANIC,ZACHARY,22
2011,MALE,BLACK NON HISPANIC,ZAIRE,19
2011,MALE,BLACK NON HISPANIC,ZION,35
2011,MALE,BLACK NON HISPANIC,ZYAIRE,14
2011,MALE,HISPANIC,AARON,102
2011,MALE,HISPANIC,ABDIEL,12
2011,MALE,HISPANIC,ABEL,14
2011,MALE,HISPANIC,ABRAHAM,22
2011,MALE,HISPANIC,ADAM,32
2011,MALE,HISPANIC,ADEN,13
2011,MALE,HISPANIC,ADONIS,16
2011,MALE,HISPANIC,ADRIAN,157
2011,MALE,HISPANIC,ADRIEL,34
2011,MALE,HISPANIC,AIDAN,36
2011,MALE,HISPANIC,AIDEN,188
2011,MALE,HISPANIC,ALAN,38
2011,MALE,HISPANIC,ALBERT,13
2011,MALE,HISPANIC,ALBERTO,15
2011,MALE,HISPANIC,ALDO,10
2011,MALE,HISPANIC,ALEJANDRO,68
2011,MALE,HISPANIC,ALEX,68
2011,MALE,HISPANIC,ALEXANDER,219
2011,MALE,HISPANIC,ALEXIS,55
2011,MALE,HISPANIC,ALFREDO,15
2011,MALE,HISPANIC,ALLAN,10
2011,MALE,HISPANIC,ALLEN,22
2011,MALE,HISPANIC,ALVIN,10
2011,MALE,HISPANIC,AMIR,21
2011,MALE,HISPANIC,ANDERSON,33
2011,MALE,HISPANIC,ANDRE,10
2011,MALE,HISPANIC,ANDRES,51
2011,MALE,HISPANIC,ANDREW,125
2011,MALE,HISPANIC,ANDY,37
2011,MALE,HISPANIC,ANGEL,253
2011,MALE,HISPANIC,ANGELO,28
2011,MALE,HISPANIC,ANTHONY,207
2011,MALE,HISPANIC,ANTONIO,32
2011,MALE,HISPANIC,ARIEL,26
2011,MALE,HISPANIC,ARMANDO,11
2011,MALE,HISPANIC,ARMANI,20
2011,MALE,HISPANIC,ARTURO,10
2011,MALE,HISPANIC,ASHTON,17
2011,MALE,HISPANIC,AUSTIN,15
2011,MALE,HISPANIC,AVERY,13
2011,MALE,HISPANIC,AXEL,69
2011,MALE,HISPANIC,AYDEN,104
2011,MALE,HISPANIC,BENJAMIN,51
2011,MALE,HISPANIC,BRADLEY,24
2011,MALE,HISPANIC,BRANDON,184
2011,MALE,HISPANIC,BRAYAN,23
2011,MALE,HISPANIC,BRAYDEN,16
2011,MALE,HISPANIC,BRIAN,59
2011,MALE,HISPANIC,BRYAN,99
2011,MALE,HISPANIC,BRYANT,17
2011,MALE,HISPANIC,BRYCE,10
2011,MALE,HISPANIC,BYRON,19
2011,MALE,HISPANIC,CALEB,42
2011,MALE,HISPANIC,CAMERON,19
2011,MALE,HISPANIC,CARLOS,109
2011,MALE,HISPANIC,CARMELO,16
2011,MALE,HISPANIC,CESAR,29
2011,MALE,HISPANIC,CHARLES,20
2011,MALE,HISPANIC,CHASE,22
2011,MALE,HISPANIC,CHRIS,27
2011,MALE,HISPANIC,CHRISTIAN,151
2011,MALE,HISPANIC,CHRISTOPHER,239
2011,MALE,HISPANIC,CRISTIAN,53
2011,MALE,HISPANIC,CRISTOFER,11
2011,MALE,HISPANIC,CRISTOPHER,13
2011,MALE,HISPANIC,DAMIAN,26
2011,MALE,HISPANIC,DAMIEN,15
2011,MALE,HISPANIC,DANIEL,221
2011,MALE,HISPANIC,DANNY,31
2011,MALE,HISPANIC,DANTE,21
2011,MALE,HISPANIC,DARIEL,31
2011,MALE,HISPANIC,DARWIN,18
2011,MALE,HISPANIC,DAVID,178
2011,MALE,HISPANIC,DENNIS,15
2011,MALE,HISPANIC,DERECK,11
2011,MALE,HISPANIC,DEREK,62
2011,MALE,HISPANIC,DERICK,18
2011,MALE,HISPANIC,DEVIN,25
2011,MALE,HISPANIC,DIEGO,54
2011,MALE,HISPANIC,DOMINIC,22
2011,MALE,HISPANIC,DOMINICK,16
2011,MALE,HISPANIC,DYLAN,136
2011,MALE,HISPANIC,EDDIE,12
2011,MALE,HISPANIC,EDGAR,29
2011,MALE,HISPANIC,EDISON,11
2011,MALE,HISPANIC,EDUARDO,45
2011,MALE,HISPANIC,EDWARD,30
2011,MALE,HISPANIC,EDWIN,71
2011,MALE,HISPANIC,ELI,38
2011,MALE,HISPANIC,ELIAN,17
2011,MALE,HISPANIC,ELIAS,66
2011,MALE,HISPANIC,ELIJAH,110
2011,MALE,HISPANIC,ELVIS,10
2011,MALE,HISPANIC,EMANUEL,26
2011,MALE,HISPANIC,EMILIANO,13
2011,MALE,HISPANIC,EMILIO,21
2011,MALE,HISPANIC,EMMANUEL,57
2011,MALE,HISPANIC,ENRIQUE,14
2011,MALE,HISPANIC,ERIC,60
2011,MALE,HISPANIC,ERICK,60
2011,MALE,HISPANIC,ERIK,18
2011,MALE,HISPANIC,ESTEBAN,13
2011,MALE,HISPANIC,ETHAN,251
2011,MALE,HISPANIC,EVAN,81
2011,MALE,HISPANIC,EZEKIEL,11
2011,MALE,HISPANIC,EZEQUIEL,11
2011,MALE,HISPANIC,FELIX,12
2011,MALE,HISPANIC,FERNANDO,28
2011,MALE,HISPANIC,FRANCISCO,32
2011,MALE,HISPANIC,FRANK,17
2011,MALE,HISPANIC,FRANKLIN,14
2011,MALE,HISPANIC,FREDDY,13
2011,MALE,HISPANIC,GABRIEL,158
2011,MALE,HISPANIC,GAEL,18
2011,MALE,HISPANIC,GAVIN,19
2011,MALE,HISPANIC,GEORGE,30
2011,MALE,HISPANIC,GERARDO,12
2011,MALE,HISPANIC,GIOVANI,10
2011,MALE,HISPANIC,GIOVANNI,68
2011,MALE,HISPANIC,GIOVANNY,13
2011,MALE,HISPANIC,GREGORY,16
2011,MALE,HISPANIC,GUSTAVO,15
2011,MALE,HISPANIC,HECTOR,31
2011,MALE,HISPANIC,HENRY,43
2011,MALE,HISPANIC,HUNTER,15
2011,MALE,HISPANIC,IAN,72
2011,MALE,HISPANIC,IKER,13
2011,MALE,HISPANIC,ISAAC,73
2011,MALE,HISPANIC,ISAIAH,70
2011,MALE,HISPANIC,ISMAEL,17
2011,MALE,HISPANIC,ISRAEL,22
2011,MALE,HISPANIC,IVAN,42
2011,MALE,HISPANIC,JACE,37
2011,MALE,HISPANIC,JACK,21
2011,MALE,HISPANIC,JACOB,303
2011,MALE,HISPANIC,JADEN,73
2011,MALE,HISPANIC,JADIEL,51
2011,MALE,HISPANIC,JAIDEN,42
2011,MALE,HISPANIC,JAIME,11
2011,MALE,HISPANIC,JAKE,27
2011,MALE,HISPANIC,JAMES,70
2011,MALE,HISPANIC,JANIEL,10
2011,MALE,HISPANIC,JANUEL,11
2011,MALE,HISPANIC,JARED,17
2011,MALE,HISPANIC,JARIEL,25
2011,MALE,HISPANIC,JASON,92
2011,MALE,HISPANIC,JAVIER,38
2011,MALE,HISPANIC,JAY,18
2011,MALE,HISPANIC,JAYCE,12
2011,MALE,HISPANIC,JAYDEN,426
2011,MALE,HISPANIC,JAYSON,24
2011,MALE,HISPANIC,JEAN,38
2011,MALE,HISPANIC,JEANCARLOS,10
2011,MALE,HISPANIC,JEFFERSON,14
2011,MALE,HISPANIC,JEFFREY,19
2011,MALE,HISPANIC,JENCARLOS,11
2011,MALE,HISPANIC,JEREMIAH,120
2011,MALE,HISPANIC,JEREMIAS,14
2011,MALE,HISPANIC,JEREMY,118
2011,MALE,HISPANIC,JERRY,11
2011,MALE,HISPANIC,JESSE,10
2011,MALE,HISPANIC,JESUS,70
2011,MALE,HISPANIC,JIMMY,14
2011,MALE,HISPANIC,JOAQUIN,23
2011,MALE,HISPANIC,JOEL,82
2011,MALE,HISPANIC,JOHAN,28
2011,MALE,HISPANIC,JOHANN,12
2011,MALE,HISPANIC,JOHN,96
2011,MALE,HISPANIC,JOHNATHAN,16
2011,MALE,HISPANIC,JOHNNY,18
2011,MALE,HISPANIC,JONAH,15
2011,MALE,HISPANIC,JONATHAN,183
2011,MALE,HISPANIC,JORDAN,72
2011,MALE,HISPANIC,JORGE,39
2011,MALE,HISPANIC,JOSE,144
2011,MALE,HISPANIC,JOSEPH,140
2011,MALE,HISPANIC,JOSHUA,190
2011,MALE,HISPANIC,JOSIAH,50
2011,MALE,HISPANIC,JOSUE,35
2011,MALE,HISPANIC,JUAN,99
2011,MALE,HISPANIC,JULIAN,99
2011,MALE,HISPANIC,JULIEN,14
2011,MALE,HISPANIC,JULIO,27
2011,MALE,HISPANIC,JULIUS,26
2011,MALE,HISPANIC,JUNIOR,18
2011,MALE,HISPANIC,JUSTIN,310
2011,MALE,HISPANIC,KADEN,13
2011,MALE,HISPANIC,KAYDEN,25
2011,MALE,HISPANIC,KELVIN,22
2011,MALE,HISPANIC,KENNETH,33
2011,MALE,HISPANIC,KENNY,20
2011,MALE,HISPANIC,KEVIN,183
2011,MALE,HISPANIC,LANDON,19
2011,MALE,HISPANIC,LARRY,10
2011,MALE,HISPANIC,LEANDRO,16
2011,MALE,HISPANIC,LEO,11
2011,MALE,HISPANIC,LEONARDO,55
2011,MALE,HISPANIC,LEONEL,12
2011,MALE,HISPANIC,LIAM,103
2011,MALE,HISPANIC,LOGAN,45
2011,MALE,HISPANIC,LORENZO,14
2011,MALE,HISPANIC,LOUIS,14
2011,MALE,HISPANIC,LUCAS,122
2011,MALE,HISPANIC,LUIS,131
2011,MALE,HISPANIC,LUKAS,11
2011,MALE,HISPANIC,LUKE,17
2011,MALE,HISPANIC,MANUEL,31
2011,MALE,HISPANIC,MARCO,22
2011,MALE,HISPANIC,MARCOS,29
2011,MALE,HISPANIC,MARCUS,33
2011,MALE,HISPANIC,MARIO,23
2011,MALE,HISPANIC,MARK,19
2011,MALE,HISPANIC,MARLON,10
2011,MALE,HISPANIC,MARTIN,16
2011,MALE,HISPANIC,MARVIN,16
2011,MALE,HISPANIC,MASON,173
2011,MALE,HISPANIC,MATEO,44
2011,MALE,HISPANIC,MATHEW,19
2011,MALE,HISPANIC,MATIAS,20
2011,MALE,HISPANIC,MATTHEW,276
2011,MALE,HISPANIC,MAURICIO,12
2011,MALE,HISPANIC,MAX,33
2011,MALE,HISPANIC,MAXIMILIANO,13
2011,MALE,HISPANIC,MAXIMO,12
2011,MALE,HISPANIC,MAXIMUS,15
2011,MALE,HISPANIC,MELVIN,12
2011,MALE,HISPANIC,MICHAEL,174
2011,MALE,HISPANIC,MIGUEL,101
2011,MALE,HISPANIC,MIKE,17
2011,MALE,HISPANIC,MOISES,18
2011,MALE,HISPANIC,NATHAN,47
2011,MALE,HISPANIC,NATHANIEL,63
2011,MALE,HISPANIC,NELSON,16
2011,MALE,HISPANIC,NICHOLAS,103
2011,MALE,HISPANIC,NICOLAS,53
2011,MALE,HISPANIC,NOAH,157
2011,MALE,HISPANIC,NOEL,24
2011,MALE,HISPANIC,OLIVER,42
2011,MALE,HISPANIC,OMAR,39
2011,MALE,HISPANIC,OSCAR,27
2011,MALE,HISPANIC,OWEN,12
2011,MALE,HISPANIC,PABLO,25
2011,MALE,HISPANIC,PATRICK,12
2011,MALE,HISPANIC,PAUL,16
2011,MALE,HISPANIC,PEDRO,29
2011,MALE,HISPANIC,PETER,15
2011,MALE,HISPANIC,PRESTON,14
2011,MALE,HISPANIC,PRINCE,14
2011,MALE,HISPANIC,RAFAEL,31
2011,MALE,HISPANIC,RANDY,48
2011,MALE,HISPANIC,RAYMOND,24
2011,MALE,HISPANIC,RICARDO,25
2011,MALE,HISPANIC,RICHARD,38
2011,MALE,HISPANIC,RILEY,18
2011,MALE,HISPANIC,ROBERT,35
2011,MALE,HISPANIC,ROBERTO,11
2011,MALE,HISPANIC,RODRIGO,15
2011,MALE,HISPANIC,ROGER,11
2011,MALE,HISPANIC,ROMEO,14
2011,MALE,HISPANIC,ROYCE,11
2011,MALE,HISPANIC,RUBEN,19
2011,MALE,HISPANIC,RYAN,122
2011,MALE,HISPANIC,SAMUEL,74
2011,MALE,HISPANIC,SANTIAGO,50
2011,MALE,HISPANIC,SEAN,30
2011,MALE,HISPANIC,SEBASTIAN,183
2011,MALE,HISPANIC,SERGIO,13
2011,MALE,HISPANIC,SHANE,10
2011,MALE,HISPANIC,SHAWN,15
2011,MALE,HISPANIC,STEPHEN,10
2011,MALE,HISPANIC,STEVE,10
2011,MALE,HISPANIC,STEVEN,104
2011,MALE,HISPANIC,TAYLOR,10
2011,MALE,HISPANIC,THOMAS,26
2011,MALE,HISPANIC,TIMOTHY,16
2011,MALE,HISPANIC,TOMAS,10
2011,MALE,HISPANIC,TRAVIS,13
2011,MALE,HISPANIC,TRISTAN,34
2011,MALE,HISPANIC,TYLER,48
2011,MALE,HISPANIC,URIEL,21
2011,MALE,HISPANIC,VICTOR,48
2011,MALE,HISPANIC,VINCENT,17
2011,MALE,HISPANIC,WILLIAM,98
2011,MALE,HISPANIC,WILSON,11
2011,MALE,HISPANIC,XAVIER,92
2011,MALE,HISPANIC,YADIEL,25
2011,MALE,HISPANIC,YAHIR,16
2011,MALE,HISPANIC,YAIR,10
2011,MALE,HISPANIC,YANDEL,12
2011,MALE,HISPANIC,YANIEL,10
2011,MALE,HISPANIC,YARIEL,12
2011,MALE,HISPANIC,YERIK,13
2011,MALE,HISPANIC,ZACHARY,16
2011,MALE,HISPANIC,ZION,13
2011,MALE,WHITE NON HISPANIC,AARON,67
2011,MALE,WHITE NON HISPANIC,ABRAHAM,172
2011,MALE,WHITE NON HISPANIC,ADAM,129
2011,MALE,WHITE NON HISPANIC,ADRIAN,35
2011,MALE,WHITE NON HISPANIC,AHARON,19
2011,MALE,WHITE NON HISPANIC,AHMED,26
2011,MALE,WHITE NON HISPANIC,AHRON,17
2011,MALE,WHITE NON HISPANIC,AIDAN,58
2011,MALE,WHITE NON HISPANIC,AIDEN,78
2011,MALE,WHITE NON HISPANIC,AKIVA,20
2011,MALE,WHITE NON HISPANIC,ALAN,21
2011,MALE,WHITE NON HISPANIC,ALBERT,15
2011,MALE,WHITE NON HISPANIC,ALEC,11
2011,MALE,WHITE NON HISPANIC,ALEX,34
2011,MALE,WHITE NON HISPANIC,ALEXANDER,197
2011,MALE,WHITE NON HISPANIC,ALI,33
2011,MALE,WHITE NON HISPANIC,ALLEN,11
2011,MALE,WHITE NON HISPANIC,AMIR,15
2011,MALE,WHITE NON HISPANIC,AMROM,13
2011,MALE,WHITE NON HISPANIC,ANDREW,133
2011,MALE,WHITE NON HISPANIC,ANGELO,16
2011,MALE,WHITE NON HISPANIC,ANTHONY,135
2011,MALE,WHITE NON HISPANIC,ANTONIO,28
2011,MALE,WHITE NON HISPANIC,ARI,30
2011,MALE,WHITE NON HISPANIC,ARIEL,30
2011,MALE,WHITE NON HISPANIC,ARON,60
2011,MALE,WHITE NON HISPANIC,ARTHUR,29
2011,MALE,WHITE NON HISPANIC,ARYEH,24
2011,MALE,WHITE NON HISPANIC,ASHER,55
2011,MALE,WHITE NON HISPANIC,ASHTON,10
2011,MALE,WHITE NON HISPANIC,AUGUST,16
2011,MALE,WHITE NON HISPANIC,AUGUSTUS,10
2011,MALE,WHITE NON HISPANIC,AUSTIN,26
2011,MALE,WHITE NON HISPANIC,AVI,12
2011,MALE,WHITE NON HISPANIC,AVRAHAM,38
2011,MALE,WHITE NON HISPANIC,AVROHOM,27
2011,MALE,WHITE NON HISPANIC,AVRUM,11
2011,MALE,WHITE NON HISPANIC,AYDEN,10
2011,MALE,WHITE NON HISPANIC,BARUCH,21
2011,MALE,WHITE NON HISPANIC,BECKETT,12
2011,MALE,WHITE NON HISPANIC,BEN,22
2011,MALE,WHITE NON HISPANIC,BENJAMIN,230
2011,MALE,WHITE NON HISPANIC,BENNETT,10
2011,MALE,WHITE NON HISPANIC,BENZION,13
2011,MALE,WHITE NON HISPANIC,BERISH,10
2011,MALE,WHITE NON HISPANIC,BINYOMIN,14
2011,MALE,WHITE NON HISPANIC,BLAKE,14
2011,MALE,WHITE NON HISPANIC,BORUCH,16
2011,MALE,WHITE NON HISPANIC,BRADY,13
2011,MALE,WHITE NON HISPANIC,BRANDON,44
2011,MALE,WHITE NON HISPANIC,BRAYDEN,15
2011,MALE,WHITE NON HISPANIC,BRENDAN,23
2011,MALE,WHITE NON HISPANIC,BRIAN,30
2011,MALE,WHITE NON HISPANIC,BRODY,19
2011,MALE,WHITE NON HISPANIC,BRYAN,14
2011,MALE,WHITE NON HISPANIC,BRYCE,10
2011,MALE,WHITE NON HISPANIC,CADEN,10
2011,MALE,WHITE NON HISPANIC,CALEB,31
2011,MALE,WHITE NON HISPANIC,CALVIN,10
2011,MALE,WHITE NON HISPANIC,CAMERON,27
2011,MALE,WHITE NON HISPANIC,CARMINE,11
2011,MALE,WHITE NON HISPANIC,CARTER,19
2011,MALE,WHITE NON HISPANIC,CHAIM,147
2011,MALE,WHITE NON HISPANIC,CHARLES,129
2011,MALE,WHITE NON HISPANIC,CHARLIE,20
2011,MALE,WHITE NON HISPANIC,CHASE,25
2011,MALE,WHITE NON HISPANIC,CHESKEL,14
2011,MALE,WHITE NON HISPANIC,CHRISTIAN,76
2011,MALE,WHITE NON HISPANIC,CHRISTOPHER,92
2011,MALE,WHITE NON HISPANIC,COLE,37
2011,MALE,WHITE NON HISPANIC,COLIN,32
2011,MALE,WHITE NON HISPANIC,CONNOR,53
2011,MALE,WHITE NON HISPANIC,CONOR,13
2011,MALE,WHITE NON HISPANIC,COOPER,30
2011,MALE,WHITE NON HISPANIC,DANIEL,210
2011,MALE,WHITE NON HISPANIC,DASHIELL,12
2011,MALE,WHITE NON HISPANIC,DAVID,258
2011,MALE,WHITE NON HISPANIC,DEAN,24
2011,MALE,WHITE NON HISPANIC,DECLAN,32
2011,MALE,WHITE NON HISPANIC,DENNIS,11
2011,MALE,WHITE NON HISPANIC,DEREK,10
2011,MALE,WHITE NON HISPANIC,DEVIN,18
2011,MALE,WHITE NON HISPANIC,DOMINIC,15
2011,MALE,WHITE NON HISPANIC,DOMINICK,21
2011,MALE,WHITE NON HISPANIC,DOV,46
2011,MALE,WHITE NON HISPANIC,DOVID,40
2011,MALE,WHITE NON HISPANIC,DYLAN,127
2011,MALE,WHITE NON HISPANIC,EDWARD,41
2011,MALE,WHITE NON HISPANIC,EFRAIM,25
2011,MALE,WHITE NON HISPANIC,EITAN,14
2011,MALE,WHITE NON HISPANIC,ELI,97
2011,MALE,WHITE NON HISPANIC,ELIAS,21
2011,MALE,WHITE NON HISPANIC,ELIEZER,38
2011,MALE,WHITE NON HISPANIC,ELIJAH,35
2011,MALE,WHITE NON HISPANIC,ELIMELECH,16
2011,MALE,WHITE NON HISPANIC,ELIYAHU,36
2011,MALE,WHITE NON HISPANIC,ELLIOT,33
2011,MALE,WHITE NON HISPANIC,ELLIOTT,12
2011,MALE,WHITE NON HISPANIC,ELLIS,10
2011,MALE,WHITE NON HISPANIC,ERIC,27
2011,MALE,WHITE NON HISPANIC,ETHAN,118
2011,MALE,WHITE NON HISPANIC,EVAN,60
2011,MALE,WHITE NON HISPANIC,EZRA,33
2011,MALE,WHITE NON HISPANIC,FELIX,23
2011,MALE,WHITE NON HISPANIC,FILIP,13
2011,MALE,WHITE NON HISPANIC,FINN,23
2011,MALE,WHITE NON HISPANIC,FRANCESCO,19
2011,MALE,WHITE NON HISPANIC,FRANK,29
2011,MALE,WHITE NON HISPANIC,GABRIEL,96
2011,MALE,WHITE NON HISPANIC,GAVIN,53
2011,MALE,WHITE NON HISPANIC,GAVRIEL,15
2011,MALE,WHITE NON HISPANIC,GEORGE,66
2011,MALE,WHITE NON HISPANIC,GIOVANNI,35
2011,MALE,WHITE NON HISPANIC,GRAHAM,21
2011,MALE,WHITE NON HISPANIC,GRANT,14
2011,MALE,WHITE NON HISPANIC,GRAYSON,19
2011,MALE,WHITE NON HISPANIC,GREGORY,16
2011,MALE,WHITE NON HISPANIC,GREYSON,11
2011,MALE,WHITE NON HISPANIC,GRIFFIN,21
2011,MALE,WHITE NON HISPANIC,HARRISON,40
2011,MALE,WHITE NON HISPANIC,HARRY,16
2011,MALE,WHITE NON HISPANIC,HENRY,149
2011,MALE,WHITE NON HISPANIC,HERSH,14
2011,MALE,WHITE NON HISPANIC,HERSHEL,24
2011,MALE,WHITE NON HISPANIC,HERSHY,21
2011,MALE,WHITE NON HISPANIC,HUDSON,53
2011,MALE,WHITE NON HISPANIC,HUGO,11
2011,MALE,WHITE NON HISPANIC,HUNTER,29
2011,MALE,WHITE NON HISPANIC,IAN,28
2011,MALE,WHITE NON HISPANIC,ILAN,17
2011,MALE,WHITE NON HISPANIC,ISAAC,92
2011,MALE,WHITE NON HISPANIC,ISAIAH,16
2011,MALE,WHITE NON HISPANIC,ISRAEL,28
2011,MALE,WHITE NON HISPANIC,IVAN,13
2011,MALE,WHITE NON HISPANIC,JACK,183
2011,MALE,WHITE NON HISPANIC,JACKSON,77
2011,MALE,WHITE NON HISPANIC,JACOB,265
2011,MALE,WHITE NON HISPANIC,JAKE,77
2011,MALE,WHITE NON HISPANIC,JAMES,172
2011,MALE,WHITE NON HISPANIC,JASON,35
2011,MALE,WHITE NON HISPANIC,JASPER,20
2011,MALE,WHITE NON HISPANIC,JAYDEN,39
2011,MALE,WHITE NON HISPANIC,JESSE,12
2011,MALE,WHITE NON HISPANIC,JOEL,30
2011,MALE,WHITE NON HISPANIC,JOHN,166
2011,MALE,WHITE NON HISPANIC,JONAH,52
2011,MALE,WHITE NON HISPANIC,JONATHAN,71
2011,MALE,WHITE NON HISPANIC,JORDAN,32
2011,MALE,WHITE NON HISPANIC,JOSEPH,281
2011,MALE,WHITE NON HISPANIC,JOSHUA,89
2011,MALE,WHITE NON HISPANIC,JUDAH,34
2011,MALE,WHITE NON HISPANIC,JUDE,13
2011,MALE,WHITE NON HISPANIC,JULIAN,79
2011,MALE,WHITE NON HISPANIC,JUSTIN,46
2011,MALE,WHITE NON HISPANIC,KACPER,11
2011,MALE,WHITE NON HISPANIC,KAI,15
2011,MALE,WHITE NON HISPANIC,KENNETH,10
2011,MALE,WHITE NON HISPANIC,KEVIN,29
2011,MALE,WHITE NON HISPANIC,KIERAN,13
2011,MALE,WHITE NON HISPANIC,KYLE,24
2011,MALE,WHITE NON HISPANIC,LANDON,13
2011,MALE,WHITE NON HISPANIC,LAZER,20
2011,MALE,WHITE NON HISPANIC,LEO,85
2011,MALE,WHITE NON HISPANIC,LEON,20
2011,MALE,WHITE NON HISPANIC,LEONARDO,29
2011,MALE,WHITE NON HISPANIC,LEV,10
2011,MALE,WHITE NON HISPANIC,LEVI,40
2011,MALE,WHITE NON HISPANIC,LIAM,131
2011,MALE,WHITE NON HISPANIC,LIPA,19
2011,MALE,WHITE NON HISPANIC,LOGAN,67
2011,MALE,WHITE NON HISPANIC,LORENZO,22
2011,MALE,WHITE NON HISPANIC,LOUIS,23
2011,MALE,WHITE NON HISPANIC,LUCA,71
2011,MALE,WHITE NON HISPANIC,LUCAS,128
2011,MALE,WHITE NON HISPANIC,LUKA,21
2011,MALE,WHITE NON HISPANIC,LUKAS,16
2011,MALE,WHITE NON HISPANIC,LUKE,101
2011,MALE,WHITE NON HISPANIC,MAKSIM,11
2011,MALE,WHITE NON HISPANIC,MARC,16
2011,MALE,WHITE NON HISPANIC,MARCO,16
2011,MALE,WHITE NON HISPANIC,MARCUS,14
2011,MALE,WHITE NON HISPANIC,MARK,70
2011,MALE,WHITE NON HISPANIC,MARTIN,21
2011,MALE,WHITE NON HISPANIC,MASON,75
2011,MALE,WHITE NON HISPANIC,MATEO,17
2011,MALE,WHITE NON HISPANIC,MATTEO,30
2011,MALE,WHITE NON HISPANIC,MATTHEW,189
2011,MALE,WHITE NON HISPANIC,MAX,95
2011,MALE,WHITE NON HISPANIC,MAXIM,27
2011,MALE,WHITE NON HISPANIC,MAXIMILIAN,29
2011,MALE,WHITE NON HISPANIC,MAXIMUS,14
2011,MALE,WHITE NON HISPANIC,MAXWELL,38
2011,MALE,WHITE NON HISPANIC,MAYER,24
2011,MALE,WHITE NON HISPANIC,MEILECH,11
2011,MALE,WHITE NON HISPANIC,MEIR,47
2011,MALE,WHITE NON HISPANIC,MENACHEM,103
2011,MALE,WHITE NON HISPANIC,MENASHE,11
2011,MALE,WHITE NON HISPANIC,MENDEL,36
2011,MALE,WHITE NON HISPANIC,MENDY,11
2011,MALE,WHITE NON HISPANIC,MICAH,12
2011,MALE,WHITE NON HISPANIC,MICHAEL,292
2011,MALE,WHITE NON HISPANIC,MILES,46
2011,MALE,WHITE NON HISPANIC,MILO,20
2011,MALE,WHITE NON HISPANIC,MOHAMED,38
2011,MALE,WHITE NON HISPANIC,MOHAMMED,10
2011,MALE,WHITE NON HISPANIC,MOISHE,18
2011,MALE,WHITE NON HISPANIC,MORDECHAI,76
2011,MALE,WHITE NON HISPANIC,MORRIS,11
2011,MALE,WHITE NON HISPANIC,MOSES,31
2011,MALE,WHITE NON HISPANIC,MOSHE,224
2011,MALE,WHITE NON HISPANIC,NAFTALI,18
2011,MALE,WHITE NON HISPANIC,NAFTULI,18
2011,MALE,WHITE NON HISPANIC,NATHAN,71
2011,MALE,WHITE NON HISPANIC,NATHANIEL,46
2011,MALE,WHITE NON HISPANIC,NICHOLAS,153
2011,MALE,WHITE NON HISPANIC,NICO,13
2011,MALE,WHITE NON HISPANIC,NICOLAS,28
2011,MALE,WHITE NON HISPANIC,NIKOLAS,10
2011,MALE,WHITE NON HISPANIC,NOAH,99
2011,MALE,WHITE NON HISPANIC,NOAM,11
2011,MALE,WHITE NON HISPANIC,NOLAN,11
2011,MALE,WHITE NON HISPANIC,NOSSON,10
2011,MALE,WHITE NON HISPANIC,OLIVER,100
2011,MALE,WHITE NON HISPANIC,OMAR,33
2011,MALE,WHITE NON HISPANIC,OSCAR,30
2011,MALE,WHITE NON HISPANIC,OWEN,65
2011,MALE,WHITE NON HISPANIC,PARKER,16
2011,MALE,WHITE NON HISPANIC,PATRICK,56
2011,MALE,WHITE NON HISPANIC,PAUL,26
2011,MALE,WHITE NON HISPANIC,PETER,52
2011,MALE,WHITE NON HISPANIC,PHILIP,26
2011,MALE,WHITE NON HISPANIC,PINCHAS,15
2011,MALE,WHITE NON HISPANIC,PINCHUS,13
2011,MALE,WHITE NON HISPANIC,QUINN,13
2011,MALE,WHITE NON HISPANIC,RAFAEL,27
2011,MALE,WHITE NON HISPANIC,RAPHAEL,21
2011,MALE,WHITE NON HISPANIC,RAYAN,16
2011,MALE,WHITE NON HISPANIC,REED,10
2011,MALE,WHITE NON HISPANIC,REID,13
2011,MALE,WHITE NON HISPANIC,RICHARD,26
2011,MALE,WHITE NON HISPANIC,RILEY,14
2011,MALE,WHITE NON HISPANIC,ROBERT,69
2011,MALE,WHITE NON HISPANIC,ROCCO,19
2011,MALE,WHITE NON HISPANIC,ROMAN,12
2011,MALE,WHITE NON HISPANIC,ROWAN,12
2011,MALE,WHITE NON HISPANIC,RYAN,126
2011,MALE,WHITE NON HISPANIC,RYDER,16
2011,MALE,WHITE NON HISPANIC,SALVATORE,36
2011,MALE,WHITE NON HISPANIC,SAM,35
2011,MALE,WHITE NON HISPANIC,SAMIR,10
2011,MALE,WHITE NON HISPANIC,SAMUEL,181
2011,MALE,WHITE NON HISPANIC,SANTINO,11
2011,MALE,WHITE NON HISPANIC,SEAN,36
2011,MALE,WHITE NON HISPANIC,SEBASTIAN,71
2011,MALE,WHITE NON HISPANIC,SHALOM,11
2011,MALE,WHITE NON HISPANIC,SHANE,21
2011,MALE,WHITE NON HISPANIC,SHAUL,10
2011,MALE,WHITE NON HISPANIC,SHAYA,26
2011,MALE,WHITE NON HISPANIC,SHEA,16
2011,MALE,WHITE NON HISPANIC,SHIA,30
2011,MALE,WHITE NON HISPANIC,SHIMON,94
2011,MALE,WHITE NON HISPANIC,SHLOIME,15
2011,MALE,WHITE NON HISPANIC,SHLOIMY,13
2011,MALE,WHITE NON HISPANIC,SHLOME,17
2011,MALE,WHITE NON HISPANIC,SHLOMO,61
2011,MALE,WHITE NON HISPANIC,SHMIEL,17
2011,MALE,WHITE NON HISPANIC,SHMUEL,44
2011,MALE,WHITE NON HISPANIC,SHNEUR,11
2011,MALE,WHITE NON HISPANIC,SHOLOM,21
2011,MALE,WHITE NON HISPANIC,SHULEM,42
2011,MALE,WHITE NON HISPANIC,SIDNEY,10
2011,MALE,WHITE NON HISPANIC,SILAS,10
2011,MALE,WHITE NON HISPANIC,SIMCHA,32
2011,MALE,WHITE NON HISPANIC,SIMON,47
2011,MALE,WHITE NON HISPANIC,SOLOMON,48
2011,MALE,WHITE NON HISPANIC,SPENCER,15
2011,MALE,WHITE NON HISPANIC,STEPHEN,10
2011,MALE,WHITE NON HISPANIC,STEVEN,32
2011,MALE,WHITE NON HISPANIC,THEODORE,53
2011,MALE,WHITE NON HISPANIC,THOMAS,121
2011,MALE,WHITE NON HISPANIC,TIMOTHY,24
2011,MALE,WHITE NON HISPANIC,TRISTAN,24
2011,MALE,WHITE NON HISPANIC,TYLER,61
2011,MALE,WHITE NON HISPANIC,TZVI,41
2011,MALE,WHITE NON HISPANIC,USHER,29
2011,MALE,WHITE NON HISPANIC,VICTOR,34
2011,MALE,WHITE NON HISPANIC,VINCENT,64
2011,MALE,WHITE NON HISPANIC,VINCENZO,13
2011,MALE,WHITE NON HISPANIC,WESLEY,10
2011,MALE,WHITE NON HISPANIC,WILLIAM,170
2011,MALE,WHITE NON HISPANIC,WYATT,25
2011,MALE,WHITE NON HISPANIC,XAVIER,18
2011,MALE,WHITE NON HISPANIC,YAAKOV,45
2011,MALE,WHITE NON HISPANIC,YAKOV,60
2011,MALE,WHITE NON HISPANIC,YASEEN,11
2011,MALE,WHITE NON HISPANIC,YECHEZKEL,11
2011,MALE,WHITE NON HISPANIC,YECHIEL,27
2011,MALE,WHITE NON HISPANIC,YEHOSHUA,22
2011,MALE,WHITE NON HISPANIC,YEHUDA,74
2011,MALE,WHITE NON HISPANIC,YEHUDAH,10
2011,MALE,WHITE NON HISPANIC,YIDA,13
2011,MALE,WHITE NON HISPANIC,YIDEL,11
2011,MALE,WHITE NON HISPANIC,YISRAEL,14
2011,MALE,WHITE NON HISPANIC,YISROEL,75
2011,MALE,WHITE NON HISPANIC,YITZCHAK,17
2011,MALE,WHITE NON HISPANIC,YITZCHOK,56
2011,MALE,WHITE NON HISPANIC,YOEL,20
2011,MALE,WHITE NON HISPANIC,YONAH,10
2011,MALE,WHITE NON HISPANIC,YOSEF,102
2011,MALE,WHITE NON HISPANIC,YOUSEF,12
2011,MALE,WHITE NON HISPANIC,YOUSSEF,11
2011,MALE,WHITE NON HISPANIC,ZACHARY,86
2011,MALE,WHITE NON HISPANIC,ZALMEN,14
2011,MALE,WHITE NON HISPANIC,ZEV,47