BRTH_YR,ETHCTY,NAME,CNT
2011,ASIAN AND PACIFIC ISLANDER,ABIGAIL,24
2011,ASIAN AND PACIFIC ISLANDER,ADA,13
2011,ASIAN AND PACIFIC ISLANDER,AISHA,13
2011,ASIAN AND PACIFIC ISLANDER,AIZA,10
2011,ASIAN AND PACIFIC ISLANDER,ALEENA,12
2011,ASIAN AND PACIFIC ISLANDER,ALEXA,10
2011,ASIAN AND PACIFIC ISLANDER,ALEXANDRA,13
2011,ASIAN AND PACIFIC ISLANDER,ALICE,27
2011,ASIAN AND PACIFIC ISLANDER,ALINA,25
2011,ASIAN AND PACIFIC ISLANDER,ALISHA,10
2011,ASIAN AND PACIFIC ISLANDER,ALIYAH,12
2011,ASIAN AND PACIFIC ISLANDER,ALLISON,17
2011,ASIAN AND PACIFIC ISLANDER,ALYSSA,26
2011,ASIAN AND PACIFIC ISLANDER,AMANDA,22
2011,ASIAN AND PACIFIC ISLANDER,AMBER,13
2011,ASIAN AND PACIFIC ISLANDER,AMELIA,14
2011,ASIAN AND PACIFIC ISLANDER,AMY,24
2011,ASIAN AND PACIFIC ISLANDER,ANGEL,22
2011,ASIAN AND PACIFIC ISLANDER,ANGELA,47
2011,ASIAN AND PACIFIC ISLANDER,ANGELINA,26
2011,ASIAN AND PACIFIC ISLANDER,ANGIE,10
2011,ASIAN AND PACIFIC ISLANDER,ANIKA,14
2011,ASIAN AND PACIFIC ISLANDER,ANNA,30
2011,ASIAN AND PACIFIC ISLANDER,ANNABELLE,10
2011,ASIAN AND PACIFIC ISLANDER,ANNIE,20
2011,ASIAN AND PACIFIC ISLANDER,ARIA,12
2011,ASIAN AND PACIFIC ISLANDER,ARIANA,15
2011,ASIAN AND PACIFIC ISLANDER,ARIANNA,11
2011,ASIAN AND PACIFIC ISLANDER,ARYA,12
2011,ASIAN AND PACIFIC ISLANDER,ASHLEY,52
2011,ASIAN AND PACIFIC ISLANDER,AUDREY,19
2011,ASIAN AND PACIFIC ISLANDER,AVA,23
2011,ASIAN AND PACIFIC ISLANDER,AYESHA,17
2011,ASIAN AND PACIFIC ISLANDER,BELLA,16
2011,ASIAN AND PACIFIC ISLANDER,BONNIE,10
2011,ASIAN AND PACIFIC ISLANDER,BRIANNA,13
2011,ASIAN AND PACIFIC ISLANDER,CATHERINE,27
2011,ASIAN AND PACIFIC ISLANDER,CECILIA,12
2011,ASIAN AND PACIFIC ISLANDER,CHARLOTTE,14
2011,ASIAN AND PACIFIC ISLANDER,CHLOE,106
2011,ASIAN AND PACIFIC ISLANDER,CHRISTINA,20
2011,ASIAN AND PACIFIC ISLANDER,CHRISTINE,11
2011,ASIAN AND PACIFIC ISLANDER,CHRISTY,12
2011,ASIAN AND PACIFIC ISLANDER,CINDY,14
2011,ASIAN AND PACIFIC ISLANDER,CLAIRE,27
2011,ASIAN AND PACIFIC ISLANDER,CYNTHIA,14
2011,ASIAN AND PACIFIC ISLANDER,DAISY,11
2011,ASIAN AND PACIFIC ISLANDER,DIYA,12
2011,ASIAN AND PACIFIC ISLANDER,EILEEN,18
2011,ASIAN AND PACIFIC ISLANDER,ELAINE,28
2011,ASIAN AND PACIFIC ISLANDER,ELENA,12
2011,ASIAN AND PACIFIC ISLANDER,ELINA,11
2011,ASIAN AND PACIFIC ISLANDER,ELIZABETH,15
2011,ASIAN AND PACIFIC ISLANDER,ELLA,25
2011,ASIAN AND PACIFIC ISLANDER,EMILY,93
2011,ASIAN AND PACIFIC ISLANDER,EMMA,75
2011,ASIAN AND PACIFIC ISLANDER,ERICA,19
2011,ASIAN AND PACIFIC ISLANDER,ERIKA,12
2011,ASIAN AND PACIFIC ISLANDER,ERIN,13
2011,ASIAN AND PACIFIC ISLANDER,ESHAL,11
2011,ASIAN AND PACIFIC ISLANDER,EVA,22
2011,ASIAN AND PACIFIC ISLANDER,EVELYN,17
2011,ASIAN AND PACIFIC ISLANDER,FATIMA,24
2011,ASIAN AND PACIFIC ISLANDER,FIONA,48
2011,ASIAN AND PACIFIC ISLANDER,GIANNA,13
2011,ASIAN AND PACIFIC ISLANDER,GRACE,33
2011,ASIAN AND PACIFIC ISLANDER,HAILEY,16
2011,ASIAN AND PACIFIC ISLANDER,HANNAH,23
2011,ASIAN AND PACIFIC ISLANDER,HELEN,10
2011,ASIAN AND PACIFIC ISLANDER,IRENE,20
2011,ASIAN AND PACIFIC ISLANDER,IRIS,26
2011,ASIAN AND PACIFIC ISLANDER,ISABEL,12
2011,ASIAN AND PACIFIC ISLANDER,ISABELLA,67
2011,ASIAN AND PACIFIC ISLANDER,ISABELLE,11
2011,ASIAN AND PACIFIC ISLANDER,IVY,35
2011,ASIAN AND PACIFIC ISLANDER,JANICE,14
2011,ASIAN AND PACIFIC ISLANDER,JANNAT,13
2011,ASIAN AND PACIFIC ISLANDER,JASMINE,31
2011,ASIAN AND PACIFIC ISLANDER,JENNIFER,18
2011,ASIAN AND PACIFIC ISLANDER,JENNY,27
2011,ASIAN AND PACIFIC ISLANDER,JESSICA,26
2011,ASIAN AND PACIFIC ISLANDER,JESSIE,18
2011,ASIAN AND PACIFIC ISLANDER,JIA,12
2011,ASIAN AND PACIFIC ISLANDER,JOANNA,38
2011,ASIAN AND PACIFIC ISLANDER,JOCELYN,15
2011,ASIAN AND PACIFIC ISLANDER,JOY,14
2011,ASIAN AND PACIFIC ISLANDER,JOYCE,22
2011,ASIAN AND PACIFIC ISLANDER,JULIA,24
2011,ASIAN AND PACIFIC ISLANDER,KAITLYN,11
2011,ASIAN AND PACIFIC ISLANDER,KAREN,22
2011,ASIAN AND PACIFIC ISLANDER,KATE,10
2011,ASIAN AND PACIFIC ISLANDER,KATELYN,14
2011,ASIAN AND PACIFIC ISLANDER,KATHERINE,21
2011,ASIAN AND PACIFIC ISLANDER,KATIE,18
2011,ASIAN AND PACIFIC ISLANDER,KAYLA,21
2011,ASIAN AND PACIFIC ISLANDER,KAYLEE,20
2011,ASIAN AND PACIFIC ISLANDER,KELLY,22
2011,ASIAN AND PACIFIC ISLANDER,KHLOE,13
2011,ASIAN AND PACIFIC ISLANDER,KYLIE,11
2011,ASIAN AND PACIFIC ISLANDER,LAUREN,13
2011,ASIAN AND PACIFIC ISLANDER,LEAH,16
2011,ASIAN AND PACIFIC ISLANDER,LEELA,10
2011,ASIAN AND PACIFIC ISLANDER,LILLIAN,16
2011,ASIAN AND PACIFIC ISLANDER,LILY,15
2011,ASIAN AND PACIFIC ISLANDER,MADISON,19
2011,ASIAN AND PACIFIC ISLANDER,MAGGIE,10
2011,ASIAN AND PACIFIC ISLANDER,MANDY,12
2011,ASIAN AND PACIFIC ISLANDER,MARYAM,17
2011,ASIAN AND PACIFIC ISLANDER,MAYA,27
2011,ASIAN AND PACIFIC ISLANDER,MEGAN,10
2011,ASIAN AND PACIFIC ISLANDER,MELODY,13
2011,ASIAN AND PACIFIC ISLANDER,MIA,36
2011,ASIAN AND PACIFIC ISLANDER,MICHELLE,42
2011,ASIAN AND PACIFIC ISLANDER,MILA,17
2011,ASIAN AND PACIFIC ISLANDER,MINA,12
2011,ASIAN AND PACIFIC ISLANDER,NATALIE,20
2011,ASIAN AND PACIFIC ISLANDER,NICOLE,33
2011,ASIAN AND PACIFIC ISLANDER,NINA,21
2011,ASIAN AND PACIFIC ISLANDER,OLIVIA,89
2011,ASIAN AND PACIFIC ISLANDER,PHOEBE,18
2011,ASIAN AND PACIFIC ISLANDER,QUEENIE,15
2011,ASIAN AND PACIFIC ISLANDER,RACHEL,18
2011,ASIAN AND PACIFIC ISLANDER,RAINA,11
2011,ASIAN AND PACIFIC ISLANDER,REBECCA,13
2011,ASIAN AND PACIFIC ISLANDER,RENEE,10
2011,ASIAN AND PACIFIC ISLANDER,SABRINA,23
2011,ASIAN AND PACIFIC ISLANDER,SAMANTHA,22
2011,ASIAN AND PACIFIC ISLANDER,SARA,24
2011,ASIAN AND PACIFIC ISLANDER,SARAH,38
2011,ASIAN AND PACIFIC ISLANDER,SELENA,13
2011,ASIAN AND PACIFIC ISLANDER,SELINA,26
2011,ASIAN AND PACIFIC ISLANDER,SERENA,17
2011,ASIAN AND PACIFIC ISLANDER,SHARON,20
2011,ASIAN AND PACIFIC ISLANDER,SHIRLEY,12
2011,ASIAN AND PACIFIC ISLANDER,SOFIA,19
2011,ASIAN AND PACIFIC ISLANDER,SOPHIA,119
2011,ASIAN AND PACIFIC ISLANDER,SOPHIE,25
2011,ASIAN AND PACIFIC ISLANDER,STELLA,11
2011,ASIAN AND PACIFIC ISLANDER,STEPHANIE,22
2011,ASIAN AND PACIFIC ISLANDER,SYEDA,16
2011,ASIAN AND PACIFIC ISLANDER,TANISHA,10
2011,ASIAN AND PACIFIC ISLANDER,TENZIN,26
2011,ASIAN AND PACIFIC ISLANDER,TIFFANY,54
2011,ASIAN AND PACIFIC ISLANDER,TINA,14
2011,ASIAN AND PACIFIC ISLANDER,VANESSA,15
2011,ASIAN AND PACIFIC ISLANDER,VICKY,32
2011,ASIAN AND PACIFIC ISLANDER,VICTORIA,22
2011,ASIAN AND PACIFIC ISLANDER,VIVIAN,44
2011,ASIAN AND PACIFIC ISLANDER,WENDY,16
2011,ASIAN AND PACIFIC ISLANDER,WINNIE,25
2011,ASIAN AND PACIFIC ISLANDER,XIN,18
2011,ASIAN AND PACIFIC ISLANDER,YU,13
2011,ASIAN AND PACIFIC ISLANDER,ZAHRA,19
2011,ASIAN AND PACIFIC ISLANDER,ZAINAB,23
2011,ASIAN AND PACIFIC ISLANDER,ZARA,14
2011,ASIAN AND PACIFIC ISLANDER,ZOE,25
2011,BLACK NON HISPANIC,AALIYAH,69
2011,BLACK NON HISPANIC,ABIGAIL,51
2011,BLACK NON HISPANIC,ADDISON,13
2011,BLACK NON HISPANIC,AICHA,14
2011,BLACK NON HISPANIC,AISHA,10
2011,BLACK NON HISPANIC,AISSATOU,13
2011,BLACK NON HISPANIC,ALANA,18
2011,BLACK NON HISPANIC,ALEXIS,13
2011,BLACK NON HISPANIC,ALICIA,11
2011,BLACK NON HISPANIC,ALIYAH,23
2011,BLACK NON HISPANIC,ALYSSA,35
2011,BLACK NON HISPANIC,AMANDA,17
2011,BLACK NON HISPANIC,AMANI,15
2011,BLACK NON HISPANIC,AMAYA,32
2011,BLACK NON HISPANIC,AMBER,18
2011,BLACK NON HISPANIC,AMELIA,19
2011,BLACK NON HISPANIC,AMINA,14
2011,BLACK NON HISPANIC,AMINATA,25
2011,BLACK NON HISPANIC,AMIRA,15
2011,BLACK NON HISPANIC,AMIRAH,22
2011,BLACK NON HISPANIC,AMIYAH,20
2011,BLACK NON HISPANIC,ANAYA,12
2011,BLACK NON HISPANIC,ANGEL,16
2011,BLACK NON HISPANIC,ANGELINA,11
2011,BLACK NON HISPANIC,ANIYA,19
2011,BLACK NON HISPANIC,ANIYAH,35
2011,BLACK NON HISPANIC,ARIA,13
2011,BLACK NON HISPANIC,ARIANA,13
2011,BLACK NON HISPANIC,ARIANNA,38
2011,BLACK NON HISPANIC,ARIEL,32
2011,BLACK NON HISPANIC,ARIELLE,20
2011,BLACK NON HISPANIC,ASHLEY,16
2011,BLACK NON HISPANIC,AUBREY,16
2011,BLACK NON HISPANIC,AUTUMN,26
2011,BLACK NON HISPANIC,AVA,40
2011,BLACK NON HISPANIC,BRIANNA,38
2011,BLACK NON HISPANIC,BRIELLE,35
2011,BLACK NON HISPANIC,BROOKE,12
2011,BLACK NON HISPANIC,CAMILLE,12
2011,BLACK NON HISPANIC,CHELSEA,37
2011,BLACK NON HISPANIC,CHEYENNE,10
2011,BLACK NON HISPANIC,CHLOE,72
2011,BLACK NON HISPANIC,CHRISTINA,17
2011,BLACK NON HISPANIC,DAKOTA,15
2011,BLACK NON HISPANIC,DANIELLE,20
2011,BLACK NON HISPANIC,DESTINY,35
2011,BLACK NON HISPANIC,DYLAN,11
2011,BLACK NON HISPANIC,EDEN,11
2011,BLACK NON HISPANIC,EGYPT,15
2011,BLACK NON HISPANIC,ELIZABETH,22
2011,BLACK NON HISPANIC,EMILY,30
2011,BLACK NON HISPANIC,EMMA,15
2011,BLACK NON HISPANIC,ERIN,10
2011,BLACK NON HISPANIC,ESSENCE,11
2011,BLACK NON HISPANIC,EVA,11
2011,BLACK NON HISPANIC,FAITH,46
2011,BLACK NON HISPANIC,FANTA,15
2011,BLACK NON HISPANIC,FATIMA,24
2011,BLACK NON HISPANIC,FATOU,12
2011,BLACK NON HISPANIC,FATOUMATA,51
2011,BLACK NON HISPANIC,GABRIELLA,24
2011,BLACK NON HISPANIC,GABRIELLE,55
2011,BLACK NON HISPANIC,GENESIS,15
2011,BLACK NON HISPANIC,GRACE,15
2011,BLACK NON HISPANIC,HAILEY,31
2011,BLACK NON HISPANIC,HANNAH,24
2011,BLACK NON HISPANIC,HARMONY,20
2011,BLACK NON HISPANIC,HAWA,15
2011,BLACK NON HISPANIC,HEAVEN,32
2011,BLACK NON HISPANIC,IMANI,28
2011,BLACK NON HISPANIC,ISABELLA,35
2011,BLACK NON HISPANIC,JADA,52
2011,BLACK NON HISPANIC,JADE,18
2011,BLACK NON HISPANIC,JALIYAH,10
2011,BLACK NON HISPANIC,JANELLE,11
2011,BLACK NON HISPANIC,JANIYA,13
2011,BLACK NON HISPANIC,JANIYAH,12
2011,BLACK NON HISPANIC,JASMINE,32
2011,BLACK NON HISPANIC,JAYDA,16
2011,BLACK NON HISPANIC,JAYLA,38
2011,BLACK NON HISPANIC,JORDYN,16
2011,BLACK NON HISPANIC,JULIA,10
2011,BLACK NON HISPANIC,KAI,10
2011,BLACK NON HISPANIC,KAITLYN,21
2011,BLACK NON HISPANIC,KALIYAH,14
2011,BLACK NON HISPANIC,KAMIYAH,10
2011,BLACK NON HISPANIC,KAYLA,78
2011,BLACK NON HISPANIC,KAYLEE,25
2011,BLACK NON HISPANIC,KELSEY,11
2011,BLACK NON HISPANIC,KENDRA,12
2011,BLACK NON HISPANIC,KENNEDY,13
2011,BLACK NON HISPANIC,KENYA,10
2011,BLACK NON HISPANIC,KHLOE,42
2011,BLACK NON HISPANIC,KIARA,13
2011,BLACK NON HISPANIC,KIMORA,23
2011,BLACK NON HISPANIC,KYLA,12
2011,BLACK NON HISPANIC,KYLIE,19
2011,BLACK NON HISPANIC,LAILA,39
2011,BLACK NON HISPANIC,LAUREN,27
2011,BLACK NON HISPANIC,LAYLA,30
2011,BLACK NON HISPANIC,LEAH,39
2011,BLACK NON HISPANIC,LEILANI,13
2011,BLACK NON HISPANIC,LONDON,92
2011,BLACK NON HISPANIC,LONDYN,25
2011,BLACK NON HISPANIC,LYRIC,13
2011,BLACK NON HISPANIC,MACKENZIE,10
2011,BLACK NON HISPANIC,MADISON,176
2011,BLACK NON HISPANIC,MAKAYLA,67
2011,BLACK NON HISPANIC,MALIA,17
2011,BLACK NON HISPANIC,MALIYAH,14
2011,BLACK NON HISPANIC,MARIAH,21
2011,BLACK NON HISPANIC,MARIAM,32
2011,BLACK NON HISPANIC,MARIAMA,22
2011,BLACK NON HISPANIC,MARYAM,10
2011,BLACK NON HISPANIC,MAYA,25
2011,BLACK NON HISPANIC,MCKENZIE,25
2011,BLACK NON HISPANIC,MELANIE,18
2011,BLACK NON HISPANIC,MIA,36
2011,BLACK NON HISPANIC,MICHELLE,13
2011,BLACK NON HISPANIC,MIKAYLA,21
2011,BLACK NON HISPANIC,MILAN,28
2011,BLACK NON HISPANIC,MORGAN,31
2011,BLACK NON HISPANIC,MYA,32
2011,BLACK NON HISPANIC,NADIA,16
2011,BLACK NON HISPANIC,NAHLA,13
2011,BLACK NON HISPANIC,NANA,10
2011,BLACK NON HISPANIC,NAOMI,34
2011,BLACK NON HISPANIC,NATALIA,12
2011,BLACK NON HISPANIC,NATALIE,11
2011,BLACK NON HISPANIC,NEVAEH,60
2011,BLACK NON HISPANIC,NIA,38
2011,BLACK NON HISPANIC,NYLA,43
2011,BLACK NON HISPANIC,NYLAH,42
2011,BLACK NON HISPANIC,OLIVIA,52
2011,BLACK NON HISPANIC,PAIGE,33
2011,BLACK NON HISPANIC,PARIS,32
2011,BLACK NON HISPANIC,PEYTON,20
2011,BLACK NON HISPANIC,PRINCESS,16
2011,BLACK NON HISPANIC,RACHEL,10
2011,BLACK NON HISPANIC,REBECCA,12
2011,BLACK NON HISPANIC,RILEY,15
2011,BLACK NON HISPANIC,SADE,16
2011,BLACK NON HISPANIC,SAMANTHA,27
2011,BLACK NON HISPANIC,SAMARA,11
2011,BLACK NON HISPANIC,SAMIYA,10
2011,BLACK NON HISPANIC,SAMIYAH,18
2011,BLACK NON HISPANIC,SANAA,26
2011,BLACK NON HISPANIC,SANAI,21
2011,BLACK NON HISPANIC,SANIYA,13
2011,BLACK NON HISPANIC,SANIYAH,13
2011,BLACK NON HISPANIC,SARAH,40
2011,BLACK NON HISPANIC,SARAI,15
2011,BLACK NON HISPANIC,SARIAH,17
2011,BLACK NON HISPANIC,SASHA,14
2011,BLACK NON HISPANIC,SAVANNAH,42
2011,BLACK NON HISPANIC,SERENITY,52
2011,BLACK NON HISPANIC,SHANIA,14
2011,BLACK NON HISPANIC,SHANIYA,11
2011,BLACK NON HISPANIC,SHILOH,15
2011,BLACK NON HISPANIC,SKYE,15
2011,BLACK NON HISPANIC,SKYLA,19
2011,BLACK NON HISPANIC,SKYLAR,20
2011,BLACK NON HISPANIC,SOPHIA,30
2011,BLACK NON HISPANIC,SORAYA,10
2011,BLACK NON HISPANIC,SUMMER,15
2011,BLACK NON HISPANIC,SYDNEY,24
2011,BLACK NON HISPANIC,SYMPHONY,13
2011,BLACK NON HISPANIC,TABITHA,10
2011,BLACK NON HISPANIC,TAMIA,17
2011,BLACK NON HISPANIC,TARAJI,12
2011,BLACK NON HISPANIC,TAYLOR,53
2011,BLACK NON HISPANIC,TIANA,19
2011,BLACK NON HISPANIC,TIANNA,13
2011,BLACK NON HISPANIC,TORI,16
2011,BLACK NON HISPANIC,TRINITY,28
2011,BLACK NON HISPANIC,VICTORIA,36
2011,BLACK NON HISPANIC,ZAHARA,10
2011,BLACK NON HISPANIC,ZANIYAH,10
2011,BLACK NON HISPANIC,ZARA,11
2011,BLACK NON HISPANIC,ZARIA,13
2011,BLACK NON HISPANIC,ZARIAH,14
2011,BLACK NON HISPANIC,ZOE,43
2011,BLACK NON HISPANIC,ZOEY,29
2011,BLACK NON HISPANIC,ZURI,10
2011,HISPANIC,AALIYAH,63
2011,HISPANIC,ABBY,10
2011,HISPANIC,ABIGAIL,80
2011,HISPANIC,ADRIANA,65
2011,HISPANIC,ADRIANNA,26
2011,HISPANIC,AILEEN,21
2011,HISPANIC,AIMEE,12
2011,HISPANIC,AISHA,13
2011,HISPANIC,ALANA,11
2011,HISPANIC,ALEJANDRA,16
2011,HISPANIC,ALESSANDRA,13
2011,HISPANIC,ALEXA,55
2011,HISPANIC,ALEXANDRA,47
2011,HISPANIC,ALICE,16
2011,HISPANIC,ALICIA,24
2011,HISPANIC,ALISON,32
2011,HISPANIC,ALISSON,15
2011,HISPANIC,ALIYAH,22
2011,HISPANIC,ALLISON,90
2011,HISPANIC,ALLYSON,19
2011,HISPANIC,ALONDRA,16
2011,HISPANIC,ALYSON,11
2011,HISPANIC,ALYSSA,63
2011,HISPANIC,AMANDA,30
2011,HISPANIC,AMAYA,31
2011,HISPANIC,AMBER,25
2011,HISPANIC,AMELIA,33
2011,HISPANIC,AMY,87
2011,HISPANIC,ANA,33
2011,HISPANIC,ANALIA,17
2011,HISPANIC,ANAYA,11
2011,HISPANIC,ANDREA,61
2011,HISPANIC,ANGELA,20
2011,HISPANIC,ANGELICA,40
2011,HISPANIC,ANGELINA,72
2011,HISPANIC,ANGELIQUE,30
2011,HISPANIC,ANGELY,11
2011,HISPANIC,ANGIE,19
2011,HISPANIC,ANIYAH,14
2011,HISPANIC,ANNA,13
2011,HISPANIC,ANNABELLE,13
2011,HISPANIC,APRIL,13
2011,HISPANIC,ARELY,12
2011,HISPANIC,ARIANA,61
2011,HISPANIC,ARIANNA,77
2011,HISPANIC,ARIANNY,10
2011,HISPANIC,ARIEL,17
2011,HISPANIC,ARIELLA,14
2011,HISPANIC,ASHLEY,190
2011,HISPANIC,ASHLY,13
2011,HISPANIC,ATHENA,12
2011,HISPANIC,AUBREY,25
2011,HISPANIC,AURORA,16
2011,HISPANIC,AVA,54
2011,HISPANIC,AYLEEN,14
2011,HISPANIC,AYLIN,16
2011,HISPANIC,BELLA,67
2011,HISPANIC,BIANCA,24
2011,HISPANIC,BRENDA,17
2011,HISPANIC,BRIANA,32
2011,HISPANIC,BRIANNA,114
2011,HISPANIC,BRIANNY,10
2011,HISPANIC,BRIELLE,11
2011,HISPANIC,BRITNEY,12
2011,HISPANIC,BRITTANY,22
2011,HISPANIC,BRYANNA,16
2011,HISPANIC,CAMILA,188
2011,HISPANIC,CARMEN,12
2011,HISPANIC,CAROLINA,11
2011,HISPANIC,CAROLINE,12
2011,HISPANIC,CASSANDRA,10
2011,HISPANIC,CELESTE,11
2011,HISPANIC,CHARLOTTE,11
2011,HISPANIC,CHELSEA,43
2011,HISPANIC,CHLOE,60
2011,HISPANIC,CHRISTINA,11
2011,HISPANIC,CINDY,13
2011,HISPANIC,CLARA,11
2011,HISPANIC,CRISTINA,10
2011,HISPANIC,CRYSTAL,26
2011,HISPANIC,CYNTHIA,10
2011,HISPANIC,DAISY,30
2011,HISPANIC,DAMARIS,11
2011,HISPANIC,DANA,18
2011,HISPANIC,DANIELA,64
2011,HISPANIC,DANIELLA,28
2011,HISPANIC,DANIELLE,12
2011,HISPANIC,DANNA,39
2011,HISPANIC,DAYANA,22
2011,HISPANIC,DELILAH,29
2011,HISPANIC,DENISE,16
2011,HISPANIC,DESTINY,34
2011,HISPANIC,DIANA,51
2011,HISPANIC,DULCE,20
2011,HISPANIC,EILEEN,14
2011,HISPANIC,ELENA,16
2011,HISPANIC,ELIANA,34
2011,HISPANIC,ELIANNA,11
2011,HISPANIC,ELIANNY,12
2011,HISPANIC,ELISA,17
2011,HISPANIC,ELIZABETH,63
2011,HISPANIC,ELLA,32
2011,HISPANIC,EMELY,50
2011,HISPANIC,EMILY,162
2011,HISPANIC,EMMA,114
2011,HISPANIC,ERIKA,15
2011,HISPANIC,ESMERALDA,27
2011,HISPANIC,ESTHER,14
2011,HISPANIC,ESTRELLA,15
2011,HISPANIC,EVA,47
2011,HISPANIC,EVELYN,63
2011,HISPANIC,FAITH,25
2011,HISPANIC,FATIMA,12
2011,HISPANIC,FERNANDA,14
2011,HISPANIC,GABRIELA,78
2011,HISPANIC,GABRIELLA,86
2011,HISPANIC,GABRIELLE,14
2011,HISPANIC,GENESIS,94
2011,HISPANIC,GERALDINE,13
2011,HISPANIC,GIA,21
2011,HISPANIC,GIANNA,49
2011,HISPANIC,GISELLE,38
2011,HISPANIC,GRACE,36
2011,HISPANIC,GUADALUPE,26
2011,HISPANIC,HAILEY,126
2011,HISPANIC,HALEY,14
2011,HISPANIC,HANNAH,17
2011,HISPANIC,HAYLEE,17
2011,HISPANIC,HAYLEY,13
2011,HISPANIC,HAZEL,10
2011,HISPANIC,HEAVEN,15
2011,HISPANIC,HEIDI,15
2011,HISPANIC,HEIDY,16
2011,HISPANIC,HELEN,13
2011,HISPANIC,IMANI,11
2011,HISPANIC,INGRID,11
2011,HISPANIC,IRENE,11
2011,HISPANIC,IRIS,10
2011,HISPANIC,ISABEL,28
2011,HISPANIC,ISABELA,10
2011,HISPANIC,ISABELLA,331
2011,HISPANIC,ISABELLE,18
2011,HISPANIC,ISIS,13
2011,HISPANIC,ITZEL,27
2011,HISPANIC,IZABELLA,23
2011,HISPANIC,JACQUELINE,30
2011,HISPANIC,JADA,21
2011,HISPANIC,JADE,50
2011,HISPANIC,JAELYNN,11
2011,HISPANIC,JAMIE,11
2011,HISPANIC,JANELLE,12
2011,HISPANIC,JASLENE,11
2011,HISPANIC,JASMIN,20
2011,HISPANIC,JASMINE,41
2011,HISPANIC,JAYDA,10
2011,HISPANIC,JAYLA,33
2011,HISPANIC,JAYLAH,12
2011,HISPANIC,JAYLEEN,51
2011,HISPANIC,JAYLENE,22
2011,HISPANIC,JAYLIN,13
2011,HISPANIC,JAYLYN,10
2011,HISPANIC,JAZLYN,16
2011,HISPANIC,JAZMIN,24
2011,HISPANIC,JAZMINE,14
2011,HISPANIC,JENNIFER,59
2011,HISPANIC,JESSICA,46
2011,HISPANIC,JIMENA,11
2011,HISPANIC,JOCELYN,46
2011,HISPANIC,JOHANNA,12
2011,HISPANIC,JOSELYN,30
2011,HISPANIC,JULIA,22
2011,HISPANIC,JULIANA,16
2011,HISPANIC,JULIANNA,21
2011,HISPANIC,JULIET,20
2011,HISPANIC,JULIETTE,15
2011,HISPANIC,JULISSA,16
2011,HISPANIC,KAELYN,11
2011,HISPANIC,KAILEY,20
2011,HISPANIC,KAILYN,11
2011,HISPANIC,KAITLYN,31
2011,HISPANIC,KAMILA,36
2011,HISPANIC,KAREN,41
2011,HISPANIC,KARLA,25
2011,HISPANIC,KATE,27
2011,HISPANIC,KATELYN,23
2011,HISPANIC,KATELYNN,10
2011,HISPANIC,KATHERINE,60
2011,HISPANIC,KATIE,12
2011,HISPANIC,KAYLA,62
2011,HISPANIC,KAYLEE,83
2011,HISPANIC,KAYLEEN,19
2011,HISPANIC,KAYLEIGH,10
2011,HISPANIC,KAYLIE,15
2011,HISPANIC,KAYLIN,12
2011,HISPANIC,KEILY,17
2011,HISPANIC,KELLY,41
2011,HISPANIC,KEYLA,12
2011,HISPANIC,KHLOE,57
2011,HISPANIC,KIARA,36
2011,HISPANIC,KIMBERLY,103
2011,HISPANIC,KRYSTAL,13
2011,HISPANIC,KYLEE,10
2011,HISPANIC,KYLIE,37
2011,HISPANIC,LAILA,29
2011,HISPANIC,LAURA,14
2011,HISPANIC,LAUREN,21
2011,HISPANIC,LAYLA,52
2011,HISPANIC,LEA,10
2011,HISPANIC,LEAH,123
2011,HISPANIC,LEILA,20
2011,HISPANIC,LEILANI,33
2011,HISPANIC,LESLEY,12
2011,HISPANIC,LESLIE,66
2011,HISPANIC,LESLY,16
2011,HISPANIC,LEYLA,10
2011,HISPANIC,LIA,26
2011,HISPANIC,LIANA,18
2011,HISPANIC,LILIANA,28
2011,HISPANIC,LILY,21
2011,HISPANIC,LINDSAY,12
2011,HISPANIC,LIZBETH,30
2011,HISPANIC,LONDON,27
2011,HISPANIC,LUCIA,20
2011,HISPANIC,LUNA,24
2011,HISPANIC,LUZ,25
2011,HISPANIC,MADELINE,15
2011,HISPANIC,MADELYN,16
2011,HISPANIC,MADISON,122
2011,HISPANIC,MAKAYLA,32
2011,HISPANIC,MARIA,59
2011,HISPANIC,MARIAH,33
2011,HISPANIC,MARIANA,12
2011,HISPANIC,MARILYN,10
2011,HISPANIC,MARISOL,10
2011,HISPANIC,MAYA,49
2011,HISPANIC,MEGAN,11
2011,HISPANIC,MELANIE,109
2011,HISPANIC,MELANY,14
2011,HISPANIC,MELISSA,50
2011,HISPANIC,MELODY,23
2011,HISPANIC,MIA,229
2011,HISPANIC,MIAH,17
2011,HISPANIC,MICHELLE,51
2011,HISPANIC,MIKAELA,14
2011,HISPANIC,MIKAYLA,26
2011,HISPANIC,MILA,19
2011,HISPANIC,MILEY,17
2011,HISPANIC,MIRANDA,11
2011,HISPANIC,MIRIAM,11
2011,HISPANIC,MYA,29
2011,HISPANIC,NADIA,14
2011,HISPANIC,NANCY,10
2011,HISPANIC,NAOMI,22
2011,HISPANIC,NATALIA,50
2011,HISPANIC,NATALIE,46
2011,HISPANIC,NATALY,13
2011,HISPANIC,NATASHA,11
2011,HISPANIC,NATHALIA,10
2011,HISPANIC,NATHALIE,26
2011,HISPANIC,NATHALY,20
2011,HISPANIC,NAYELI,17
2011,HISPANIC,NEVAEH,32
2011,HISPANIC,NICOLE,71
2011,HISPANIC,NINA,11
2011,HISPANIC,NOEMI,11
2011,HISPANIC,NYLA,16
2011,HISPANIC,OLIVIA,86
2011,HISPANIC,PAOLA,10
2011,HISPANIC,PENELOPE,14
2011,HISPANIC,PERLA,12
2011,HISPANIC,RACHEL,25
2011,HISPANIC,RAQUEL,11
2011,HISPANIC,REBECCA,10
2011,HISPANIC,RIHANNA,21
2011,HISPANIC,RILEY,12
2011,HISPANIC,ROSA,10
2011,HISPANIC,ROSE,11
2011,HISPANIC,ROSELYN,16
2011,HISPANIC,RUBY,20
2011,HISPANIC,SABRINA,25
2011,HISPANIC,SADIE,11
2011,HISPANIC,SAMANTHA,100
2011,HISPANIC,SAMARA,12
2011,HISPANIC,SARA,29
2011,HISPANIC,SARAH,53
2011,HISPANIC,SARAI,24
2011,HISPANIC,SARIAH,10
2011,HISPANIC,SASHA,10
2011,HISPANIC,SAVANNA,10
2011,HISPANIC,SAVANNAH,38
2011,HISPANIC,SCARLET,29
2011,HISPANIC,SCARLETT,65
2011,HISPANIC,SELENA,15
2011,HISPANIC,SERENITY,37
2011,HISPANIC,SHERLYN,13
2011,HISPANIC,SHIRLEY,15
2011,HISPANIC,SIENNA,17
2011,HISPANIC,SKYLA,21
2011,HISPANIC,SKYLAR,12
2011,HISPANIC,SOFIA,165
2011,HISPANIC,SOPHIA,223
2011,HISPANIC,SOPHIE,12
2011,HISPANIC,STACY,10
2011,HISPANIC,STELLA,11
2011,HISPANIC,STEPHANIE,50
2011,HISPANIC,STEPHANY,11
2011,HISPANIC,TATIANA,11
2011,HISPANIC,TAYLOR,13
2011,HISPANIC,TIANA,11
2011,HISPANIC,TIFFANY,24
2011,HISPANIC,VALENTINA,85
2011,HISPANIC,VALERIA,45
2011,HISPANIC,VALERIE,53
2011,HISPANIC,VANESSA,42
2011,HISPANIC,VERONICA,10
2011,HISPANIC,VICTORIA,114
2011,HISPANIC,VIOLET,14
2011,HISPANIC,VIVIANA,11
2011,HISPANIC,WENDY,12
2011,HISPANIC,XIMENA,18
2011,HISPANIC,YAMILET,11
2011,HISPANIC,YARETZI,22
2011,HISPANIC,ZOE,65
2011,HISPANIC,ZOEY,27
2011,WHITE NON HISPANIC,ABIGAIL,103
2011,WHITE NON HISPANIC,ADDISON,19
2011,WHITE NON HISPANIC,ADELE,22
2011,WHITE NON HISPANIC,ADELINE,12
2011,WHITE NON HISPANIC,ADINA,19
2011,WHITE NON HISPANIC,ADRIANA,29
2011,WHITE NON HISPANIC,ADRIANNA,18
2011,WHITE NON HISPANIC,AHUVA,16
2011,WHITE NON HISPANIC,ALESSANDRA,20
2011,WHITE NON HISPANIC,ALESSIA,14
2011,WHITE NON HISPANIC,ALEXA,54
2011,WHITE NON HISPANIC,ALEXANDRA,109
2011,WHITE NON HISPANIC,ALEXIS,27
2011,WHITE NON HISPANIC,ALICE,50
2011,WHITE NON HISPANIC,ALICIA,11
2011,WHITE NON HISPANIC,ALINA,11
2011,WHITE NON HISPANIC,ALISA,14
2011,WHITE NON HISPANIC,ALIZA,22
2011,WHITE NON HISPANIC,ALLISON,15
2011,WHITE NON HISPANIC,ALYSSA,28
2011,WHITE NON HISPANIC,AMANDA,15
2011,WHITE NON HISPANIC,AMELIA,62
2011,WHITE NON HISPANIC,AMELIE,15
2011,WHITE NON HISPANIC,AMINA,17
2011,WHITE NON HISPANIC,AMIRA,11
2011,WHITE NON HISPANIC,AMY,11
2011,WHITE NON HISPANIC,ANASTASIA,19
2011,WHITE NON HISPANIC,ANGELICA,10
2011,WHITE NON HISPANIC,ANGELINA,50
2011,WHITE NON HISPANIC,ANNA,85
2011,WHITE NON HISPANIC,ANNABEL,14
2011,WHITE NON HISPANIC,ANNABELLE,27
2011,WHITE NON HISPANIC,ARIANA,27
2011,WHITE NON HISPANIC,ARIANNA,28
2011,WHITE NON HISPANIC,ARIEL,14
2011,WHITE NON HISPANIC,ARIELA,10
2011,WHITE NON HISPANIC,ARIELLA,26
2011,WHITE NON HISPANIC,ASHLEY,20
2011,WHITE NON HISPANIC,ATARA,10
2011,WHITE NON HISPANIC,AUBREY,10
2011,WHITE NON HISPANIC,AUDREY,26
2011,WHITE NON HISPANIC,AUTUMN,10
2011,WHITE NON HISPANIC,AVA,162
2011,WHITE NON HISPANIC,AVERY,52
2011,WHITE NON HISPANIC,AVIGAIL,11
2011,WHITE NON HISPANIC,AVIVA,18
2011,WHITE NON HISPANIC,AYLA,10
2011,WHITE NON HISPANIC,BAILA,40
2011,WHITE NON HISPANIC,BARBARA,12
2011,WHITE NON HISPANIC,BATSHEVA,20
2011,WHITE NON HISPANIC,BATYA,15
2011,WHITE NON HISPANIC,BEATRICE,33
2011,WHITE NON HISPANIC,BELLA,22
2011,WHITE NON HISPANIC,BIANCA,10
2011,WHITE NON HISPANIC,BLAKE,14
2011,WHITE NON HISPANIC,BLIMA,20
2011,WHITE NON HISPANIC,BLIMY,23
2011,WHITE NON HISPANIC,BRACHA,24
2011,WHITE NON HISPANIC,BREINDY,15
2011,WHITE NON HISPANIC,BRIANNA,32
2011,WHITE NON HISPANIC,BRIDGET,14
2011,WHITE NON HISPANIC,BROOKE,33
2011,WHITE NON HISPANIC,BROOKLYN,15
2011,WHITE NON HISPANIC,BRUCHA,19
2011,WHITE NON HISPANIC,BRUCHY,13
2011,WHITE NON HISPANIC,BRYNN,14
2011,WHITE NON HISPANIC,CAITLIN,11
2011,WHITE NON HISPANIC,CAMERON,11
2011,WHITE NON HISPANIC,CAROLINE,52
2011,WHITE NON HISPANIC,CASEY,12
2011,WHITE NON HISPANIC,CATHERINE,33
2011,WHITE NON HISPANIC,CECILIA,16
2011,WHITE NON HISPANIC,CELIA,10
2011,WHITE NON HISPANIC,CHANA,132
2011,WHITE NON HISPANIC,CHANY,38
2011,WHITE NON HISPANIC,CHARLIE,14
2011,WHITE NON HISPANIC,CHARLOTTE,127
2011,WHITE NON HISPANIC,CHAVA,46
2011,WHITE NON HISPANIC,CHAVY,10
2011,WHITE NON HISPANIC,CHAYA,178
2011,WHITE NON HISPANIC,CHLOE,95
2011,WHITE NON HISPANIC,CHRISTINA,14
2011,WHITE NON HISPANIC,CLAIRE,35
2011,WHITE NON HISPANIC,CLARA,28
2011,WHITE NON HISPANIC,COLETTE,14
2011,WHITE NON HISPANIC,CORA,10
2011,WHITE NON HISPANIC,DAHLIA,15
2011,WHITE NON HISPANIC,DAISY,13
2011,WHITE NON HISPANIC,DALIA,10
2011,WHITE NON HISPANIC,DANIELA,13
2011,WHITE NON HISPANIC,DANIELLA,41
2011,WHITE NON HISPANIC,DANIELLE,15
2011,WHITE NON HISPANIC,DEVORA,17
2011,WHITE NON HISPANIC,DEVORAH,44
2011,WHITE NON HISPANIC,DIANA,13
2011,WHITE NON HISPANIC,DINA,41
2011,WHITE NON HISPANIC,DYLAN,20
2011,WHITE NON HISPANIC,EDEN,24
2011,WHITE NON HISPANIC,ELEANOR,39
2011,WHITE NON HISPANIC,ELENA,19
2011,WHITE NON HISPANIC,ELIANA,36
2011,WHITE NON HISPANIC,ELISE,13
2011,WHITE NON HISPANIC,ELISHEVA,14
2011,WHITE NON HISPANIC,ELIZA,25
2011,WHITE NON HISPANIC,ELIZABETH,100
2011,WHITE NON HISPANIC,ELLA,127
2011,WHITE NON HISPANIC,ELLE,17
2011,WHITE NON HISPANIC,ELLIANA,11
2011,WHITE NON HISPANIC,ELLIE,26
2011,WHITE NON HISPANIC,ELOISE,24
2011,WHITE NON HISPANIC,EMERSON,16
2011,WHITE NON HISPANIC,EMILIA,33
2011,WHITE NON HISPANIC,EMILY,119
2011,WHITE NON HISPANIC,EMMA,213
2011,WHITE NON HISPANIC,ERIN,15
2011,WHITE NON HISPANIC,ESTER,14
2011,WHITE NON HISPANIC,ESTHER,224
2011,WHITE NON HISPANIC,ESTY,18
2011,WHITE NON HISPANIC,ETTY,15
2011,WHITE NON HISPANIC,EVA,64
2011,WHITE NON HISPANIC,EVE,22
2011,WHITE NON HISPANIC,EVELYN,39
2011,WHITE NON HISPANIC,FAIGA,16
2011,WHITE NON HISPANIC,FAIGY,72
2011,WHITE NON HISPANIC,FINLEY,11
2011,WHITE NON HISPANIC,FIONA,30
2011,WHITE NON HISPANIC,FRADEL,16
2011,WHITE NON HISPANIC,FRAIDY,26
2011,WHITE NON HISPANIC,FRANCESCA,33
2011,WHITE NON HISPANIC,FRIMET,10
2011,WHITE NON HISPANIC,GABRIELA,19
2011,WHITE NON HISPANIC,GABRIELLA,102
2011,WHITE NON HISPANIC,GABRIELLE,15
2011,WHITE NON HISPANIC,GEMMA,15
2011,WHITE NON HISPANIC,GENEVIEVE,12
2011,WHITE NON HISPANIC,GEORGIA,26
2011,WHITE NON HISPANIC,GIA,26
2011,WHITE NON HISPANIC,GIANNA,68
2011,WHITE NON HISPANIC,GIOVANNA,10
2011,WHITE NON HISPANIC,GITTEL,23
2011,WHITE NON HISPANIC,GITTY,82
2011,WHITE NON HISPANIC,GIULIANA,41
2011,WHITE NON HISPANIC,GOLDA,14
2011,WHITE NON HISPANIC,GOLDY,33
2011,WHITE NON HISPANIC,GRACE,93
2011,WHITE NON HISPANIC,GRETA,12
2011,WHITE NON HISPANIC,HADASSA,11
2011,WHITE NON HISPANIC,HADASSAH,15
2011,WHITE NON HISPANIC,HAILEY,34
2011,WHITE NON HISPANIC,HANNA,11
2011,WHITE NON HISPANIC,HANNAH,71
2011,WHITE NON HISPANIC,HARPER,30
2011,WHITE NON HISPANIC,HAZEL,18
2011,WHITE NON HISPANIC,HENNY,18
2011,WHITE NON HISPANIC,HINDY,37
2011,WHITE NON HISPANIC,IDY,10
2011,WHITE NON HISPANIC,ILANA,10
2011,WHITE NON HISPANIC,IRIS,13
2011,WHITE NON HISPANIC,ISABEL,34
2011,WHITE NON HISPANIC,ISABELLA,160
2011,WHITE NON HISPANIC,ISABELLE,25
2011,WHITE NON HISPANIC,ISLA,14
2011,WHITE NON HISPANIC,IVY,15
2011,WHITE NON HISPANIC,IZABELLA,10
2011,WHITE NON HISPANIC,JACQUELINE,20
2011,WHITE NON HISPANIC,JANE,27
2011,WHITE NON HISPANIC,JASMINE,14
2011,WHITE NON HISPANIC,JENNA,22
2011,WHITE NON HISPANIC,JESSICA,22
2011,WHITE NON HISPANIC,JORDYN,11
2011,WHITE NON HISPANIC,JOSEPHINE,33
2011,WHITE NON HISPANIC,JOYCE,14
2011,WHITE NON HISPANIC,JULIA,116
2011,WHITE NON HISPANIC,JULIANA,38
2011,WHITE NON HISPANIC,JULIANNA,28
2011,WHITE NON HISPANIC,JULIE,10
2011,WHITE NON HISPANIC,JULIET,36
2011,WHITE NON HISPANIC,JULIETTE,23
2011,WHITE NON HISPANIC,KAITLYN,17
2011,WHITE NON HISPANIC,KATE,17
2011,WHITE NON HISPANIC,KATHERINE,44
2011,WHITE NON HISPANIC,KATHRYN,12
2011,WHITE NON HISPANIC,KAYLA,45
2011,WHITE NON HISPANIC,KAYLEE,11
2011,WHITE NON HISPANIC,KIRA,11
2011,WHITE NON HISPANIC,KYLIE,13
2011,WHITE NON HISPANIC,LAILA,23
2011,WHITE NON HISPANIC,LARA,13
2011,WHITE NON HISPANIC,LAURA,18
2011,WHITE NON HISPANIC,LAUREN,26
2011,WHITE NON HISPANIC,LAYLA,29
2011,WHITE NON HISPANIC,LEA,29
2011,WHITE NON HISPANIC,LEAH,183
2011,WHITE NON HISPANIC,LEILA,10
2011,WHITE NON HISPANIC,LENA,29
2011,WHITE NON HISPANIC,LEORA,12
2011,WHITE NON HISPANIC,LIA,23
2011,WHITE NON HISPANIC,LIANA,17
2011,WHITE NON HISPANIC,LIBA,20
2011,WHITE NON HISPANIC,LIBBY,23
2011,WHITE NON HISPANIC,LILA,34
2011,WHITE NON HISPANIC,LILAH,12
2011,WHITE NON HISPANIC,LILIANA,29
2011,WHITE NON HISPANIC,LILLIAN,47
2011,WHITE NON HISPANIC,LILLY,13
2011,WHITE NON HISPANIC,LILY,81
2011,WHITE NON HISPANIC,LINA,13
2011,WHITE NON HISPANIC,LOLA,22
2011,WHITE NON HISPANIC,LONDON,10
2011,WHITE NON HISPANIC,LUCIA,23
2011,WHITE NON HISPANIC,LUCY,47
2011,WHITE NON HISPANIC,LYLA,21
2011,WHITE NON HISPANIC,MACKENZIE,18
2011,WHITE NON HISPANIC,MADELEINE,24
2011,WHITE NON HISPANIC,MADELINE,39
2011,WHITE NON HISPANIC,MADELYN,15
2011,WHITE NON HISPANIC,MADISON,57
2011,WHITE NON HISPANIC,MAEVE,21
2011,WHITE NON HISPANIC,MAKAYLA,12
2011,WHITE NON HISPANIC,MALAK,15
2011,WHITE NON HISPANIC,MALKA,63
2011,WHITE NON HISPANIC,MALKY,59
2011,WHITE NON HISPANIC,MARGARET,25
2011,WHITE NON HISPANIC,MARIA,39
2011,WHITE NON HISPANIC,MARIAM,17
2011,WHITE NON HISPANIC,MARY,16
2011,WHITE NON HISPANIC,MATILDA,14
2011,WHITE NON HISPANIC,MAYA,94
2011,WHITE NON HISPANIC,MELANIE,12
2011,WHITE NON HISPANIC,MIA,116
2011,WHITE NON HISPANIC,MICHAELA,15
2011,WHITE NON HISPANIC,MICHAL,16
2011,WHITE NON HISPANIC,MICHELLE,35
2011,WHITE NON HISPANIC,MIKAYLA,12
2011,WHITE NON HISPANIC,MILA,31
2011,WHITE NON HISPANIC,MILENA,13
2011,WHITE NON HISPANIC,MINDY,24
2011,WHITE NON HISPANIC,MIRI,10
2011,WHITE NON HISPANIC,MIRIAM,131
2011,WHITE NON HISPANIC,MOLLY,36
2011,WHITE NON HISPANIC,MORGAN,20
2011,WHITE NON HISPANIC,NAOMI,46
2011,WHITE NON HISPANIC,NATALIA,20
2011,WHITE NON HISPANIC,NATALIE,40
2011,WHITE NON HISPANIC,NECHAMA,25
2011,WHITE NON HISPANIC,NICOLE,45
2011,WHITE NON HISPANIC,NICOLETTE,10
2011,WHITE NON HISPANIC,NINA,39
2011,WHITE NON HISPANIC,NOA,34
2011,WHITE NON HISPANIC,NORA,23
2011,WHITE NON HISPANIC,OLIVIA,213
2011,WHITE NON HISPANIC,PAIGE,13
2011,WHITE NON HISPANIC,PARKER,13
2011,WHITE NON HISPANIC,PEARL,23
2011,WHITE NON HISPANIC,PENELOPE,38
2011,WHITE NON HISPANIC,PEREL,15
2011,WHITE NON HISPANIC,PESSY,26
2011,WHITE NON HISPANIC,PHOEBE,23
2011,WHITE NON HISPANIC,PIPER,11
2011,WHITE NON HISPANIC,QUINN,10
2011,WHITE NON HISPANIC,RACHEL,171
2011,WHITE NON HISPANIC,RAIZEL,20
2011,WHITE NON HISPANIC,RAIZY,51
2011,WHITE NON HISPANIC,REBECCA,54
2011,WHITE NON HISPANIC,REESE,13
2011,WHITE NON HISPANIC,RIFKA,12
2011,WHITE NON HISPANIC,RIFKY,13
2011,WHITE NON HISPANIC,RILEY,28
2011,WHITE NON HISPANIC,RIVKA,113
2011,WHITE NON HISPANIC,RIVKY,43
2011,WHITE NON HISPANIC,ROCHEL,22
2011,WHITE NON HISPANIC,ROIZY,13
2011,WHITE NON HISPANIC,ROSE,35
2011,WHITE NON HISPANIC,RUBY,28
2011,WHITE NON HISPANIC,RUCHY,12
2011,WHITE NON HISPANIC,RUTH,11
2011,WHITE NON HISPANIC,RYAN,14
2011,WHITE NON HISPANIC,SABRINA,34
2011,WHITE NON HISPANIC,SADIE,32
2011,WHITE NON HISPANIC,SALMA,17
2011,WHITE NON HISPANIC,SAMANTHA,74
2011,WHITE NON HISPANIC,SARA,107
2011,WHITE NON HISPANIC,SARAH,177
2011,WHITE NON HISPANIC,SASHA,16
2011,WHITE NON HISPANIC,SAVANNAH,16
2011,WHITE NON HISPANIC,SCARLETT,31
2011,WHITE NON HISPANIC,SERENA,16
2011,WHITE NON HISPANIC,SHAINA,16
2011,WHITE NON HISPANIC,SHAINDEL,15
2011,WHITE NON HISPANIC,SHAINDY,48
2011,WHITE NON HISPANIC,SHEVY,10
2011,WHITE NON HISPANIC,SHIFRA,20
2011,WHITE NON HISPANIC,SHIRA,22
2011,WHITE NON HISPANIC,SHOSHANA,22
2011,WHITE NON HISPANIC,SIENA,16
2011,WHITE NON HISPANIC,SIENNA,38
2011,WHITE NON HISPANIC,SIMA,19
2011,WHITE NON HISPANIC,SIMI,10
2011,WHITE NON HISPANIC,SIMONE,15
2011,WHITE NON HISPANIC,SKYLAR,17
2011,WHITE NON HISPANIC,SLOANE,17
2011,WHITE NON HISPANIC,SOFIA,122
2011,WHITE NON HISPANIC,SOPHIA,180
2011,WHITE NON HISPANIC,SOPHIE,65
2011,WHITE NON HISPANIC,STELLA,69
2011,WHITE NON HISPANIC,SUMMER,16
2011,WHITE NON HISPANIC,SURI,14
2011,WHITE NON HISPANIC,SURY,20
2011,WHITE NON HISPANIC,SYDNEY,35
2011,WHITE NON HISPANIC,SYLVIA,11
2011,WHITE NON HISPANIC,TALIA,26
2011,WHITE NON HISPANIC,TAMAR,11
2011,WHITE NON HISPANIC,TAYLOR,25
2011,WHITE NON HISPANIC,TESSA,14
2011,WHITE NON HISPANIC,TOBY,39
2011,WHITE NON HISPANIC,TZIPORA,12
2011,WHITE NON HISPANIC,TZIPORAH,10
2011,WHITE NON HISPANIC,TZIPPY,10
2011,WHITE NON HISPANIC,TZIVIA,14
2011,WHITE NON HISPANIC,VALENTINA,31
2011,WHITE NON HISPANIC,VALERIE,11
2011,WHITE NON HISPANIC,VANESSA,14
2011,WHITE NON HISPANIC,VERA,19
2011,WHITE NON HISPANIC,VERONICA,22
2011,WHITE NON HISPANIC,VERONIKA,11
2011,WHITE NON HISPANIC,VICTORIA,84
2011,WHITE NON HISPANIC,VIOLET,38
2011,WHITE NON HISPANIC,VIVIAN,30
2011,WHITE NON HISPANIC,VIVIENNE,21
2011,WHITE NON HISPANIC,WILLA,13
2011,WHITE NON HISPANIC,YACHET,13
2011,WHITE NON HISPANIC,YAEL,21
2011,WHITE NON HISPANIC,YASMINE,10
2011,WHITE NON HISPANIC,YEHUDIS,23
2011,WHITE NON HISPANIC,YIDES,25
2011,WHITE NON HISPANIC,YITTY,32
2011,WHITE NON HISPANIC,YOCHEVED,20
2011,WHITE NON HISPANIC,ZISSY,25
2011,WHITE NON HISPANIC,ZOE,81
2011,WHITE NON HISPANIC,ZOEY,21